63.95;53.06;2.97113e+06;5.01391e+06
63.9905;53.0594;3.84941e+06;5.01456e+06
64.0006;53.1188;4.10028e+06;5.0148e+06
63.9806;53.0776;4.40081e+06;5.01528e+06
64.0508;53.0668;4.95268e+06;5.01609e+06
64.0003;53.1462;50391;5.05406e+06
63.9103;53.1947;55589;5.05906e+06
63.8612;53.2428;57823;5.06139e+06
63.8126;53.2003;60171;5.06396e+06
63.7444;53.2483;73407;5.07702e+06
63.817;53.2558;83072;5.08598e+06
63.7788;53.2233;85772;5.08925e+06
63.761;53.1611;98448;5.102e+06
63.7034;53.2194;120201;5.12357e+06
63.7564;53.2573;121580;5.12506e+06
63.8388;53.2747;125214;5.12953e+06
63.8004;53.2319;127819;5.13223e+06
63.7224;53.1796;130299;5.13428e+06
63.8152;53.1678;135385;5.13858e+06
63.787;53.1261;137191;5.14033e+06
63.8592;53.1849;137287;5.14045e+06
63.7706;53.213;138935;5.14206e+06
63.6929;53.2609;141853;5.14507e+06
63.6759;53.2683;142539;5.14548e+06
63.6492;53.3156;143030;5.14655e+06
63.5727;53.3624;144139;5.14778e+06
63.537;53.4388;145241;5.14868e+06
63.6216;53.3944;146291;5.15028e+06
63.6154;53.4305;147491;5.15232e+06
63.5192;53.3962;153029;5.16182e+06
63.464;53.3522;153528;5.16269e+06
63.4894;53.2687;160441;5.16686e+06
63.5745;53.196;161922;5.16821e+06
63.4888;53.124;161948;5.16828e+06
63.4939;53.1428;165863;5.17268e+06
63.4689;53.2014;167021;5.17523e+06
63.3842;53.2394;169688;5.18075e+06
63.4204;53.247;170026;5.18188e+06
63.3362;53.2445;170106;5.18208e+06
63.2428;53.3121;171223;5.18482e+06
63.2704;53.3489;171737;5.18653e+06
63.1977;53.3454;171863;5.18713e+06
63.2957;53.382;173120;5.19257e+06
63.3228;53.4282;173325;5.19352e+06
63.3695;53.4139;173332;5.1936e+06
63.3658;53.4697;173846;5.19612e+06
63.2722;53.545;174590;5.19904e+06
63.2895;53.4696;174955;5.20026e+06
63.3766;53.5249;176103;5.20354e+06
63.2828;53.5497;176149;5.20374e+06
63.28;53.5342;176547;5.20645e+06
63.2872;53.4988;176826;5.20854e+06
63.3043;53.5138;177160;5.211e+06
63.2513;53.5287;177714;5.21352e+06
63.1787;53.5434;177764;5.2137e+06
63.167;53.528;177962;5.2145e+06
63.0853;53.5127;178535;5.21628e+06
63.0944;53.5876;178661;5.21654e+06
63.0435;53.6617;182662;5.22507e+06
63.1231;53.6951;183269;5.22668e+06
63.0518;53.7181;183852;5.22828e+06
63.0913;53.7509;183974;5.22861e+06
63.1904;53.6734;184559;5.22991e+06
63.2885;53.7567;186165;5.23284e+06
63.3756;53.7191;186765;5.23441e+06
63.4418;53.6219;187334;5.23595e+06
63.4974;53.5257;187602;5.23658e+06
63.4825;53.5705;187790;5.23681e+06
63.5476;53.6147;189292;5.23889e+06
63.5922;53.6186;190219;5.24114e+06
63.6162;53.6424;191752;5.24215e+06
63.5201;53.726;192068;5.24243e+06
63.4449;53.6987;192485;5.24304e+06
63.4104;53.7617;192760;5.24367e+06
63.4063;53.7741;193071;5.24439e+06
63.4823;53.7464;194149;5.24713e+06
63.5374;53.7489;194705;5.24822e+06
63.4921;53.7214;194720;5.24826e+06
63.5171;53.7042;195169;5.24893e+06
63.472;53.6272;195959;5.25138e+06
63.3773;53.6009;196967;5.25354e+06
63.3635;53.6349;196994;5.25365e+06
63.4598;53.5885;197035;5.2538e+06
63.4952;53.6127;197060;5.25394e+06
63.4303;53.6465;197518;5.25608e+06
63.516;53.5601;197539;5.25617e+06
63.5908;53.4645;198380;5.26255e+06
63.5749;53.3698;198398;5.2627e+06
63.6292;53.3661;199947;5.26812e+06
63.5629;53.3825;201217;5.27054e+06
63.4872;53.4386;201265;5.27076e+06
63.4824;53.4643;202235;5.27284e+06
63.4776;53.5096;202749;5.2738e+06
63.4028;53.5545;202807;5.27396e+06
63.4088;53.599;202927;5.27424e+06
63.4947;53.583;205373;5.27725e+06
63.4497;53.6472;205480;5.27796e+06
63.4952;53.6007;205564;5.27824e+06
63.5003;53.5147;205578;5.27833e+06
63.5353;53.4595;206141;5.27912e+06
63.5099;53.4349;206311;5.27936e+06
63.4148;53.3906;207643;5.28068e+06
63.5007;53.3367;209967;5.28246e+06
63.5757;53.3533;211706;5.28399e+06
63.5799;53.2898;212520;5.28507e+06
63.5941;53.2369;212940;5.2858e+06
63.5082;53.3145;215712;5.28937e+06
63.4531;53.2214;215984;5.2901e+06
63.5485;53.1892;216441;5.29065e+06
63.5631;53.2173;217378;5.29144e+06
63.6074;53.2351;221937;5.29659e+06
63.6314;53.1727;222737;5.29859e+06
63.535;53.121;223848;5.30197e+06
63.4697;53.0698;224429;5.30301e+06
63.525;53.0191;225628;5.30442e+06
63.5797;53.0089;225975;5.30497e+06
63.4939;53.0788;227446;5.30864e+06
63.509;53.128;227486;5.30873e+06
63.5439;53.0868;227722;5.30964e+06
63.5585;53.0859;228329;5.31065e+06
63.4629;53.135;228606;5.31089e+06
63.5183;53.0937;235334;5.31518e+06
63.4431;53.0227;239586;5.31643e+06
63.3886;53.0325;242146;5.31681e+06
63.3548;53.0422;242928;5.31695e+06
63.3112;53.0118;247515;5.31907e+06
63.3481;53.0316;250048;5.3209e+06
63.4246;53.0613;252529;5.32298e+06
63.4604;53.1107;254269;5.32421e+06
63.3858;53.1196;260777;5.32796e+06
63.4319;53.1884;261160;5.32831e+06
63.3676;53.1565;261365;5.32839e+06
63.4139;53.155;261976;5.32865e+06
63.3998;53.1834;263249;5.32964e+06
63.4058;53.1816;263573;5.33008e+06
63.3717;53.1698;266317;5.33155e+06
63.418;53.2381;267688;5.33234e+06
63.3338;53.1757;269921;5.33332e+06
63.3405;53.1839;272207;5.33443e+06
63.4071;53.2021;272619;5.33477e+06
63.463;53.2601;272997;5.33526e+06
63.3884;53.2275;278829;5.33758e+06
63.4245;53.2452;287010;5.33926e+06
63.3602;53.1927;287293;5.33938e+06
63.2966;53.1408;287294;5.33941e+06
63.3637;53.1294;302503;5.34572e+06
63.31;53.0681;303309;5.34619e+06
63.3169;53.1574;306161;5.34755e+06
63.3538;53.0759;323407;5.35557e+06
63.3502;53.1151;328182;5.357e+06
63.4167;53.064;331469;5.35804e+06
63.5126;53.1033;331715;5.35811e+06
63.5974;53.1123;336146;5.35986e+06
63.5915;53.0512;343945;5.3633e+06
63.6756;52.9607;344076;5.36346e+06
63.7188;52.9911;344920;5.36423e+06
63.6316;52.9011;347858;5.36566e+06
63.5453;52.8121;347859;5.36569e+06
63.5698;52.724;349018;5.36609e+06
63.4841;52.6368;349176;5.36621e+06
63.3993;52.5504;350131;5.3665e+06
63.3153;52.4649;350132;5.36653e+06
63.2722;52.5302;352228;5.36743e+06
63.3694;52.6249;355699;5.36872e+06
63.4357;52.7087;359026;5.3693e+06
63.5014;52.6416;366081;5.37113e+06
63.5264;52.5752;366097;5.37116e+06
63.4411;52.4894;373902;5.37587e+06
63.4167;52.5745;410715;5.41198e+06
63.3925;52.6588;410716;5.41201e+06
63.4886;52.7022;452006;5.45315e+06
63.5837;52.7852;452310;5.45387e+06
63.6779;52.8773;461929;5.46292e+06
63.7511;52.8285;472313;5.47323e+06
63.7336;52.7903;476574;5.47787e+06
63.8263;52.7724;486806;5.48788e+06
63.828;52.7046;507635;5.50907e+06
63.7797;52.7576;516069;5.51693e+06
63.7519;52.84;555414;5.55599e+06
63.7944;52.7816;564395;5.56501e+06
63.7065;52.8638;610069;5.61007e+06
63.6194;52.9452;612033;5.61221e+06
63.5232;52.9557;627876;5.62799e+06
63.538;52.9562;639514;5.63905e+06
63.5926;52.9566;640262;5.64021e+06
63.5167;52.997;675884;5.67586e+06
63.5115;53.0371;677701;5.67717e+06
63.4164;52.9667;701935;5.70188e+06
63.4022;52.967;756795;5.75597e+06
63.3882;52.9674;756796;5.756e+06
63.3743;52.9977;769540;5.76888e+06
63.3306;53.0477;796642;5.79527e+06
63.3873;53.1272;830777;5.82943e+06
63.4234;53.1959;833414;5.83318e+06
63.4592;53.284;859862;5.85915e+06
63.4546;53.3711;874578;5.87307e+06
63.47;53.3674;875276;5.87395e+06
63.4853;53.4538;876153;5.87455e+06
63.5205;53.5292;877285;5.87594e+06
63.4953;53.6139;912416;5.91086e+06
63.4603;53.6978;912424;5.91091e+06
63.4057;53.7808;932238;5.93018e+06
63.4216;53.683;939883;5.93799e+06
63.4174;53.7662;940086;5.93817e+06
63.4332;53.8485;956209;5.95415e+06
63.3589;53.93;956671;5.95449e+06
63.2953;53.9907;968436;5.96632e+06
63.3824;54.0408;968484;5.96635e+06
63.3486;54.1204;974142;5.97202e+06
63.3151;54.1992;974143;5.97205e+06
63.2919;54.2772;987876;5.98585e+06
63.199;54.3144;1.04935e+06;6.0469e+06
63.197;54.2513;1.0538e+06;6.05212e+06
63.145;54.2188;1.05411e+06;6.05257e+06
63.2136;54.2066;1.0544e+06;6.05328e+06
63.2815;54.2545;1.05462e+06;6.05389e+06
63.3186;54.302;1.05527e+06;6.05504e+06
63.3255;54.249;1.05531e+06;6.05509e+06
63.2722;54.2365;1.05629e+06;6.05605e+06
63.3695;54.1941;1.06245e+06;6.06139e+06
63.4558;54.2422;1.07138e+06;6.06874e+06
63.3912;54.2197;1.07371e+06;6.07117e+06
63.4373;54.2575;1.07589e+06;6.07316e+06
63.4929;54.335;1.07819e+06;6.07596e+06
63.498;54.3116;1.07823e+06;6.07603e+06
63.433;54.3685;1.07843e+06;6.07636e+06
63.4387;54.3348;1.07973e+06;6.07814e+06
63.4643;54.3215;1.08006e+06;6.07859e+06
63.3697;54.3083;1.08026e+06;6.07899e+06
63.426;54.3452;1.08229e+06;6.08073e+06
63.4417;54.4017;1.08236e+06;6.0809e+06
63.3873;54.4177;1.08249e+06;6.08116e+06
63.3734;54.4235;1.08849e+06;6.08585e+06
63.4197;54.4493;1.09125e+06;6.08837e+06
63.4855;54.4448;1.09236e+06;6.08971e+06
63.4806;54.4403;1.09614e+06;6.09338e+06
63.5258;54.4959;1.09729e+06;6.09473e+06
63.4906;54.461;1.09889e+06;6.09607e+06
63.4557;54.3864;1.09961e+06;6.09692e+06
63.3811;54.3625;1.1009e+06;6.09836e+06
63.3973;54.3189;1.1015e+06;6.09924e+06
63.4233;54.2757;1.10168e+06;6.09952e+06
63.3891;54.2029;1.10202e+06;6.1003e+06
63.3952;54.1409;1.10228e+06;6.1007e+06
63.3812;54.1995;1.10242e+06;6.1008e+06
63.3174;54.1875;1.10267e+06;6.10118e+06
63.3043;54.1456;1.10374e+06;6.10275e+06
63.3512;54.1142;1.10457e+06;6.10418e+06
63.4077;54.133;1.10496e+06;6.10501e+06
63.3136;54.1117;1.10552e+06;6.106e+06
63.3105;54.0806;1.10576e+06;6.10679e+06
63.3374;54.0498;1.10596e+06;6.10729e+06
63.404;54.0093;1.10606e+06;6.1077e+06
63.44;53.9792;1.10625e+06;6.10827e+06
63.5156;53.9694;1.10638e+06;6.1086e+06
63.4204;54.0097;1.10639e+06;6.10865e+06
63.3662;54.0496;1.10652e+06;6.10897e+06
63.4025;54.0091;1.10673e+06;6.1093e+06
63.4485;53.969;1.10692e+06;6.10968e+06
63.404;53.9693;1.10722e+06;6.11048e+06
63.44;53.8996;1.10744e+06;6.11125e+06
63.4156;53.8306;1.10746e+06;6.11134e+06
63.4914;53.8723;1.1078e+06;6.11246e+06
63.4265;53.8936;1.10787e+06;6.11255e+06
63.3923;53.9047;1.10811e+06;6.11321e+06
63.3683;53.8156;1.10843e+06;6.11369e+06
63.2847;53.8975;1.10888e+06;6.11442e+06
63.2718;53.8385;1.10888e+06;6.11447e+06
63.3491;53.7501;1.11139e+06;6.11647e+06
63.3256;53.6926;1.11235e+06;6.11711e+06
63.4223;53.6257;1.11264e+06;6.11737e+06
63.3981;53.6494;1.11318e+06;6.11774e+06
63.3641;53.6429;1.11423e+06;6.11867e+06
63.3105;53.6765;1.11724e+06;6.1234e+06
63.2874;53.6397;1.11725e+06;6.12343e+06
63.2345;53.6033;1.11762e+06;6.12373e+06
63.1722;53.5373;1.11822e+06;6.1244e+06
63.2304;53.5019;1.12027e+06;6.12663e+06
63.2981;53.4769;1.12083e+06;6.12746e+06
63.2852;53.5021;1.12168e+06;6.12869e+06
63.1923;53.5171;1.1223e+06;6.13009e+06
63.2604;53.4719;1.12238e+06;6.13037e+06
63.2278;53.5072;1.12405e+06;6.13231e+06
63.2555;53.5122;1.12408e+06;6.13243e+06
63.173;53.517;1.12452e+06;6.13354e+06
63.1012;53.4719;1.12489e+06;6.13456e+06
63.0202;53.4871;1.12508e+06;6.13478e+06
63.04;53.4623;1.12515e+06;6.13495e+06
63.0996;53.5276;1.12521e+06;6.13509e+06
63.1586;53.5424;1.12529e+06;6.13526e+06
63.247;53.5669;1.12541e+06;6.13558e+06
63.1645;53.5313;1.12579e+06;6.13632e+06
63.1629;53.496;1.12604e+06;6.13662e+06
63.1413;53.491;1.1262e+06;6.13692e+06
63.0999;53.4761;1.12681e+06;6.13743e+06
63.0489;53.4613;1.12727e+06;6.13818e+06
62.9684;53.3667;1.12735e+06;6.13862e+06
63.0487;53.4531;1.1275e+06;6.13944e+06
63.0482;53.5285;1.12754e+06;6.13966e+06
63.0877;53.5132;1.12767e+06;6.14017e+06
63.1868;53.4181;1.12771e+06;6.14047e+06
63.205;53.3739;1.12772e+06;6.14056e+06
63.1429;53.3202;1.12788e+06;6.14128e+06
63.2415;53.287;1.12795e+06;6.14163e+06
63.2191;53.2741;1.12807e+06;6.1421e+06
63.2369;53.3114;1.1281e+06;6.14221e+06
63.2445;53.3683;1.12816e+06;6.14264e+06
63.1621;53.2846;1.12843e+06;6.14418e+06
63.1204;53.2017;1.12864e+06;6.14521e+06
63.1892;53.1397;1.12889e+06;6.14619e+06
63.2874;53.1483;1.1289e+06;6.14625e+06
63.3845;53.1568;1.1289e+06;6.14628e+06
63.3006;53.1053;1.12892e+06;6.14636e+06
63.2676;53.0542;1.12931e+06;6.14727e+06
63.265;52.9837;1.1296e+06;6.14758e+06
63.2423;52.9939;1.1311e+06;6.14973e+06
63.2099;53.0239;1.13123e+06;6.15008e+06
63.1478;52.9437;1.13141e+06;6.15049e+06
63.0863;52.9042;1.13148e+06;6.15097e+06
63.0754;52.8852;1.13152e+06;6.15118e+06
63.0747;52.8463;1.13176e+06;6.15295e+06
62.9939;52.8079;1.1319e+06;6.15364e+06
63.024;52.7698;1.13223e+06;6.15497e+06
63.0138;52.7821;1.13263e+06;6.15546e+06
63.0936;52.7243;1.13371e+06;6.15703e+06
63.0327;52.787;1.13386e+06;6.15732e+06
62.9724;52.8592;1.13387e+06;6.15736e+06
62.9326;52.8606;1.13401e+06;6.15779e+06
63.0033;52.782;1.13647e+06;6.16034e+06
62.9733;52.8441;1.13657e+06;6.16054e+06
62.9235;52.7957;1.13704e+06;6.1613e+06
62.8843;52.7377;1.13717e+06;6.16146e+06
62.9455;52.6804;1.13891e+06;6.16314e+06
62.966;52.7436;1.13967e+06;6.16458e+06
62.9064;52.8261;1.14035e+06;6.16608e+06
62.8173;52.7379;1.14117e+06;6.16744e+06
62.7291;52.7805;1.14299e+06;6.17042e+06
62.6718;52.7927;1.14421e+06;6.1726e+06
62.5951;52.8548;1.14658e+06;6.17702e+06
62.6292;52.8762;1.14688e+06;6.17816e+06
62.5829;52.9474;1.14934e+06;6.18434e+06
62.527;52.878;1.14937e+06;6.18452e+06
62.6118;52.9492;1.1496e+06;6.18499e+06
62.5457;52.8897;1.14982e+06;6.1862e+06
62.4802;52.8008;1.15012e+06;6.18717e+06
62.3854;52.7128;1.1512e+06;6.1893e+06
62.3215;52.7857;1.15142e+06;6.18992e+06
62.3283;52.7878;1.15304e+06;6.19508e+06
62.315;52.7199;1.15343e+06;6.19711e+06
62.3319;52.7527;1.15361e+06;6.19871e+06
62.2986;52.7852;1.15384e+06;6.20131e+06
62.2856;52.8674;1.15408e+06;6.20398e+06
62.2727;52.9087;1.15411e+06;6.20421e+06
62.23;52.8396;1.15468e+06;6.20855e+06
62.1577;52.8412;1.15514e+06;6.21322e+06
62.0961;52.7628;1.15548e+06;6.21697e+06
62.0252;52.8152;1.15555e+06;6.21759e+06
62.1149;52.787;1.1556e+06;6.21808e+06
62.0438;52.8191;1.15569e+06;6.21902e+06
61.9633;52.7609;1.1561e+06;6.22206e+06
61.9337;52.7833;1.15619e+06;6.22274e+06
61.8844;52.8355;1.15627e+06;6.22312e+06
61.9255;52.8971;1.15684e+06;6.22617e+06
61.8463;52.8182;1.15696e+06;6.22663e+06
61.7578;52.89;1.15725e+06;6.22795e+06
61.6802;52.9511;1.15744e+06;6.22847e+06
61.6934;52.8716;1.15835e+06;6.23054e+06
61.6365;52.9529;1.15858e+06;6.23083e+06
61.5401;52.9533;1.15903e+06;6.23155e+06
61.4547;52.8738;1.16147e+06;6.23692e+06
61.3702;52.8951;1.16153e+06;6.23729e+06
61.4465;52.8961;1.16157e+06;6.23746e+06
61.362;52.9772;1.16167e+06;6.23779e+06
61.3784;53.0474;1.16188e+06;6.23899e+06
61.4146;53.0569;1.16206e+06;6.23999e+06
61.3605;53.0563;1.16219e+06;6.24032e+06
61.3869;53.1258;1.16223e+06;6.24071e+06
61.433;53.2045;1.16236e+06;6.24146e+06
61.5087;53.1825;1.16298e+06;6.24335e+06
61.4836;53.2607;1.16354e+06;6.2447e+06
61.4387;53.168;1.1644e+06;6.24716e+06
61.5043;53.1664;1.16508e+06;6.25021e+06
61.5493;53.1147;1.16585e+06;6.2527e+06
61.5238;53.0636;1.1666e+06;6.25642e+06
61.5486;52.9729;1.16687e+06;6.25829e+06
61.5531;53.0532;1.16703e+06;6.25984e+06
61.5275;53.0127;1.16714e+06;6.2609e+06
61.4523;53.0925;1.16729e+06;6.26215e+06
61.4578;53.0116;1.16777e+06;6.26377e+06
61.4532;52.9215;1.16923e+06;6.2672e+06
61.3886;52.9023;1.16962e+06;6.2705e+06
61.4248;52.8433;1.16977e+06;6.27147e+06
61.3505;52.9148;1.17012e+06;6.27416e+06
61.437;52.9857;1.17121e+06;6.28022e+06
61.4726;53.0658;1.17136e+06;6.28146e+06
61.4379;52.9852;1.17141e+06;6.28178e+06
61.4435;53.0453;1.17174e+06;6.28344e+06
61.3691;53.0048;1.17313e+06;6.28946e+06
61.2754;53.0148;1.1733e+06;6.29014e+06
61.1826;53.0447;1.17409e+06;6.29262e+06
61.0908;53.1242;1.17523e+06;6.29669e+06
61.0599;53.183;1.1758e+06;6.29832e+06
61.0593;53.2711;1.17603e+06;6.29912e+06
60.9687;53.2584;1.17618e+06;6.29964e+06
60.959;53.2458;1.17661e+06;6.30105e+06
60.8594;53.1534;1.17769e+06;6.30622e+06
60.8708;53.2418;1.17775e+06;6.30707e+06
60.7921;53.1794;1.178e+06;6.30975e+06
60.6942;53.2376;1.17811e+06;6.31053e+06
60.7473;53.3253;1.17843e+06;6.31336e+06
60.7198;53.322;1.17848e+06;6.31386e+06
60.6726;53.3388;1.1786e+06;6.31609e+06
60.5959;53.3354;1.17861e+06;6.31626e+06
60.4999;53.412;1.17863e+06;6.31656e+06
60.5249;53.3179;1.17881e+06;6.3186e+06
60.4797;53.3247;1.17888e+06;6.32005e+06
60.4849;53.3415;1.17894e+06;6.32078e+06
60.43;53.4181;1.17897e+06;6.32093e+06
60.4357;53.3939;1.17971e+06;6.32794e+06
60.3714;53.36;1.17982e+06;6.32898e+06
60.2877;53.3964;1.18013e+06;6.3314e+06
60.2648;53.3524;1.18019e+06;6.33213e+06
60.2621;53.4189;1.18035e+06;6.33358e+06
60.1695;53.4847;1.18042e+06;6.33402e+06
60.1978;53.5398;1.18054e+06;6.33478e+06
60.1558;53.4844;1.18066e+06;6.33581e+06
60.1043;53.5496;1.18088e+06;6.33656e+06
60.1032;53.5141;1.18199e+06;6.34014e+06
60.0322;53.489;1.18231e+06;6.34144e+06
59.9619;53.5741;1.18274e+06;6.3429e+06
59.9523;53.6383;1.1828e+06;6.34294e+06
59.9827;53.6619;1.18355e+06;6.34443e+06
59.8929;53.7053;1.18417e+06;6.34532e+06
59.854;53.7483;1.18675e+06;6.34889e+06
59.7555;53.7208;1.18718e+06;6.34942e+06
59.7479;53.8036;1.18805e+06;6.35103e+06
59.6704;53.8855;1.18878e+06;6.35349e+06
59.6437;53.8067;1.18897e+06;6.35407e+06
59.5473;53.7186;1.18905e+06;6.35442e+06
59.4718;53.6914;1.18918e+06;6.35497e+06
59.4571;53.7045;1.18926e+06;6.35536e+06
59.4625;53.6575;1.19036e+06;6.35858e+06
59.3779;53.6309;1.19086e+06;6.35968e+06
59.2841;53.6546;1.19163e+06;6.36165e+06
59.3613;53.558;1.19258e+06;6.363e+06
59.4477;53.5025;1.19329e+06;6.36466e+06
59.4732;53.4274;1.19459e+06;6.3682e+06
59.4785;53.3532;1.19567e+06;6.36994e+06
59.4137;53.2996;1.19765e+06;6.37511e+06
59.3295;53.3866;1.19851e+06;6.3792e+06
59.3162;53.3928;1.19864e+06;6.37973e+06
59.2931;53.4088;1.19875e+06;6.38023e+06
59.3401;53.3747;1.19895e+06;6.38096e+06
59.3667;53.371;1.19936e+06;6.38222e+06
59.2831;53.3073;1.19981e+06;6.38335e+06
59.1902;53.3142;1.20016e+06;6.38417e+06
59.2083;53.2711;1.20056e+06;6.38476e+06
59.2763;53.3384;1.20173e+06;6.38739e+06
59.2335;53.265;1.20215e+06;6.38812e+06
59.3012;53.1923;1.20224e+06;6.38826e+06
59.2781;53.2204;1.20282e+06;6.39085e+06
59.2254;53.1982;1.20286e+06;6.39129e+06
59.1731;53.2462;1.20309e+06;6.39303e+06
59.1014;53.2138;1.20311e+06;6.39325e+06
59.0504;53.2416;1.20323e+06;6.39434e+06
59.0299;53.2192;1.20327e+06;6.39493e+06
58.9496;53.167;1.20338e+06;6.396e+06
58.8801;53.0953;1.20338e+06;6.39614e+06
58.9613;53.0244;1.20357e+06;6.39759e+06
58.8817;53.0341;1.20368e+06;6.39867e+06
58.8628;53.0338;1.2037e+06;6.39893e+06
58.7642;53.1035;1.20385e+06;6.40072e+06
58.8066;53.1524;1.20385e+06;6.40089e+06
58.7385;53.1109;1.20404e+06;6.40237e+06
58.7211;53.1498;1.20404e+06;6.40247e+06
58.7339;53.1983;1.20414e+06;6.40345e+06
58.8166;53.2063;1.20424e+06;6.40484e+06
58.8184;53.2542;1.20426e+06;6.40509e+06
58.7302;53.2517;1.2043e+06;6.40539e+06
58.6729;53.2792;1.20443e+06;6.40648e+06
58.7262;53.1964;1.20462e+06;6.40864e+06
58.6489;53.2344;1.20465e+06;6.40894e+06
58.5624;53.2021;1.20467e+06;6.40907e+06
58.5468;53.1401;1.20485e+06;6.411e+06
58.4913;53.1287;1.20487e+06;6.41113e+06
58.3964;53.1574;1.20491e+06;6.41147e+06
58.4025;53.0658;1.20502e+06;6.41218e+06
58.3484;53.0751;1.20522e+06;6.41372e+06
58.385;53.0644;1.20533e+06;6.41442e+06
58.3611;53.1237;1.20572e+06;6.41639e+06
58.3875;53.1925;1.20578e+06;6.41684e+06
58.3336;53.1606;1.20601e+06;6.41762e+06
58.3903;53.139;1.2081e+06;6.4212e+06
58.3264;53.1976;1.20897e+06;6.42352e+06
58.2331;53.2756;1.20925e+06;6.42422e+06
58.2408;53.2829;1.21128e+06;6.42774e+06
58.1884;53.24;1.2172e+06;6.44116e+06
58.1265;53.1576;1.22018e+06;6.4473e+06
58.0852;53.1761;1.22135e+06;6.44924e+06
58.0044;53.1343;1.22161e+06;6.44961e+06
58.0943;53.1329;1.22736e+06;6.45586e+06
58.0134;53.1516;1.22746e+06;6.456e+06
58.0033;53.1401;1.22849e+06;6.45724e+06
58.0032;53.0787;1.22851e+06;6.45731e+06
57.9232;53.0079;1.22894e+06;6.45836e+06
57.984;52.9378;1.22904e+06;6.45872e+06
58.0441;52.9885;1.2396e+06;6.46299e+06
57.9837;53.0586;1.26495e+06;6.47767e+06
58.0738;53.108;1.26626e+06;6.47894e+06
58.1731;53.1869;1.27256e+06;6.48443e+06
58.1714;53.125;1.28649e+06;6.49359e+06
58.2297;53.1738;1.29476e+06;6.49893e+06
58.3174;53.222;1.3005e+06;6.50488e+06
58.2742;53.1698;1.3045e+06;6.509e+06
58.2414;53.2481;1.30842e+06;6.51198e+06
58.209;53.2356;1.30971e+06;6.51296e+06
58.1669;53.2433;1.31457e+06;6.51705e+06
58.0853;53.3209;1.31615e+06;6.51842e+06
58.0444;53.3677;1.3261e+06;6.52511e+06
57.994;53.444;1.33453e+06;6.52826e+06
57.894;53.5295;1.33627e+06;6.52912e+06
57.8851;53.5542;1.33664e+06;6.5295e+06
57.8262;53.6387;1.33873e+06;6.53073e+06
57.868;53.6223;1.34049e+06;6.53155e+06
57.7793;53.6861;1.34161e+06;6.53221e+06
57.7215;53.7392;1.34406e+06;6.53351e+06
57.6643;53.7918;1.34406e+06;6.53354e+06
57.6277;53.8139;1.34407e+06;6.53358e+06
57.5414;53.8858;1.34758e+06;6.53639e+06
57.476;53.8869;1.34901e+06;6.53719e+06
57.4112;53.8881;1.34901e+06;6.53722e+06
57.3671;53.8692;1.34977e+06;6.53813e+06
57.3234;53.8505;1.34977e+06;6.53817e+06
57.2502;53.812;1.35889e+06;6.54683e+06
57.1777;53.7739;1.36017e+06;6.54787e+06
57.0959;53.7061;1.36115e+06;6.54854e+06
57.1149;53.7091;1.3613e+06;6.54887e+06
57.0338;53.732;1.36196e+06;6.54954e+06
56.9535;53.6447;1.36345e+06;6.55047e+06
56.8739;53.5582;1.36345e+06;6.55051e+06
56.8152;53.5026;1.36456e+06;6.55089e+06
56.767;53.4776;1.3692e+06;6.55276e+06
56.7594;53.4228;1.37048e+06;6.55302e+06
56.7518;53.3686;1.37187e+06;6.55352e+06
56.6943;53.4049;1.3742e+06;6.55486e+06
56.7673;53.3209;1.37457e+06;6.55497e+06
56.6796;53.3477;1.3769e+06;6.55622e+06
56.5928;53.3742;1.3769e+06;6.55626e+06
56.5469;53.4404;1.37976e+06;6.55767e+06
56.5214;53.526;1.38069e+06;6.55805e+06
56.4362;53.5808;1.38381e+06;6.55999e+06
56.3419;53.625;1.38597e+06;6.56126e+06
56.2585;53.5487;1.38601e+06;6.56132e+06
56.1859;53.4532;1.38715e+06;6.56225e+06
56.114;53.3587;1.38715e+06;6.56229e+06
56.0629;53.4451;1.38907e+06;6.56327e+06
56.0122;53.5307;1.38908e+06;6.5633e+06
55.9421;53.6153;1.38916e+06;6.56338e+06
55.8727;53.6692;1.39108e+06;6.56461e+06
55.914;53.7325;1.3914e+06;6.56488e+06
55.8348;53.7352;1.39696e+06;6.56636e+06
55.7565;53.6678;1.42398e+06;6.57706e+06
55.7289;53.7412;1.43818e+06;6.57901e+06
55.8016;53.7537;1.46788e+06;6.58513e+06
55.8136;53.6862;1.47816e+06;6.58786e+06
55.8555;53.6393;1.4982e+06;6.59566e+06
55.8369;53.583;1.522e+06;6.60627e+06
55.8185;53.5271;1.522e+06;6.60631e+06
55.7904;53.5319;1.52462e+06;6.60671e+06
55.7225;53.5065;1.54329e+06;6.61086e+06
55.6652;53.5915;1.55845e+06;6.61782e+06
55.6886;53.5656;1.55967e+06;6.61838e+06
55.6617;53.6499;1.56124e+06;6.61915e+06
55.6851;53.6234;1.56161e+06;6.61936e+06
55.6082;53.6872;1.56174e+06;6.61944e+06
55.5321;53.7503;1.56174e+06;6.61947e+06
55.4568;53.7328;1.56376e+06;6.62014e+06
55.4422;53.7355;1.56768e+06;6.62155e+06
55.4278;53.7381;1.56768e+06;6.62158e+06
55.5135;53.7107;1.57269e+06;6.62296e+06
55.4284;53.6336;1.5771e+06;6.62397e+06
55.3741;53.5473;1.57774e+06;6.62416e+06
55.3904;53.4718;1.57789e+06;6.62421e+06
55.3265;53.3971;1.57875e+06;6.6243e+06
55.2632;53.3231;1.57875e+06;6.62433e+06
55.1706;53.3599;1.57948e+06;6.62462e+06
55.2189;53.4063;1.57978e+06;6.6248e+06
55.2167;53.4722;1.58624e+06;6.62585e+06
55.1245;53.4375;1.58692e+06;6.62596e+06
55.1433;53.4331;1.58774e+06;6.62627e+06
55.0518;53.4088;1.59032e+06;6.62696e+06
54.9613;53.3847;1.59032e+06;6.62699e+06
54.8717;53.3609;1.59032e+06;6.62702e+06
54.863;53.3472;1.5932e+06;6.62765e+06
54.8944;53.3538;1.59398e+06;6.62802e+06
54.8754;53.4302;1.59518e+06;6.62838e+06
54.8267;53.3859;1.59756e+06;6.6289e+06
54.8284;53.3721;1.59797e+06;6.62911e+06
54.8001;53.2984;1.59915e+06;6.62938e+06
54.7321;53.2754;1.59918e+06;6.62945e+06
54.7048;53.1926;1.5997e+06;6.62969e+06
54.6777;53.1107;1.59971e+06;6.62972e+06
54.641;53.0496;1.60012e+06;6.63011e+06
54.5546;53.0091;1.6018e+06;6.63086e+06
54.559;52.939;1.60183e+06;6.63091e+06
54.5734;52.9896;1.60284e+06;6.63144e+06
54.5077;53.0297;1.60309e+06;6.63168e+06
54.5226;53.0894;1.60362e+06;6.632e+06
54.4474;53.1085;1.60494e+06;6.63249e+06
54.3729;53.0774;1.60541e+06;6.6326e+06
54.3292;53.1367;1.60564e+06;6.63267e+06
54.2959;53.1853;1.60735e+06;6.63354e+06
54.2529;53.2134;1.6096e+06;6.63463e+06
54.2404;53.1613;1.61322e+06;6.63613e+06
54.228;53.1097;1.61322e+06;6.63616e+06
54.2557;53.1286;1.61497e+06;6.63734e+06
54.3432;53.1773;1.61847e+06;6.63869e+06
54.3297;53.1755;1.61866e+06;6.63894e+06
54.2764;53.1238;1.61887e+06;6.63907e+06
54.2237;53.1725;1.62056e+06;6.63964e+06
54.2314;53.2108;1.62215e+06;6.64002e+06
54.1691;53.1787;1.62632e+06;6.64142e+06
54.1074;53.1969;1.62696e+06;6.64158e+06
54.0664;53.205;1.62936e+06;6.64235e+06
54.0257;53.2129;1.62936e+06;6.64238e+06
53.9854;53.2208;1.62936e+06;6.64241e+06
53.9656;53.1886;1.62966e+06;6.64244e+06
53.8859;53.1367;1.63174e+06;6.64287e+06
53.8071;53.0853;1.63175e+06;6.64291e+06
53.779;53.1445;1.63188e+06;6.64298e+06
53.7612;53.183;1.6382e+06;6.64418e+06
53.7236;53.0912;1.63822e+06;6.64425e+06
53.6764;53.1303;1.64066e+06;6.64511e+06
53.6796;53.149;1.64526e+06;6.64671e+06
53.6428;53.1675;1.64547e+06;6.64696e+06
53.5864;53.2158;1.64549e+06;6.64699e+06
53.5105;53.1337;1.64561e+06;6.64708e+06
53.4154;53.1823;1.64573e+06;6.64735e+06
53.3913;53.2605;1.64775e+06;6.64825e+06
53.3673;53.3379;1.64775e+06;6.64828e+06
53.3437;53.4145;1.64775e+06;6.64832e+06
53.3402;53.3904;1.65253e+06;6.64988e+06
53.3468;53.3565;1.65665e+06;6.65101e+06
53.3534;53.4129;1.66212e+06;6.65512e+06
53.3698;53.4388;1.66441e+06;6.65868e+06
53.3261;53.4544;1.6651e+06;6.65939e+06
53.3329;53.5198;1.66514e+06;6.65952e+06
53.3595;53.5246;1.66536e+06;6.65969e+06
53.4159;53.5694;1.66802e+06;6.66109e+06
53.3418;53.5637;1.66814e+06;6.66126e+06
53.3984;53.6281;1.67564e+06;6.66887e+06
53.4544;53.6918;1.67564e+06;6.6689e+06
53.5098;53.7549;1.67564e+06;6.66893e+06
53.5047;53.7173;1.67951e+06;6.67284e+06
53.4997;53.7401;1.68448e+06;6.67784e+06
53.5247;53.8127;1.68669e+06;6.67988e+06
53.4594;53.8446;1.68766e+06;6.68291e+06
53.3949;53.7562;1.68804e+06;6.68322e+06
53.3909;53.7686;1.68948e+06;6.6836e+06
53.377;53.8409;1.69019e+06;6.6841e+06
53.3932;53.8825;1.69031e+06;6.68414e+06
53.4093;53.9237;1.69031e+06;6.68417e+06
53.4452;53.9544;1.69322e+06;6.68622e+06
53.4108;53.9249;1.69339e+06;6.6868e+06
53.3366;53.9956;1.6965e+06;6.6899e+06
53.4133;53.9457;1.6966e+06;6.68997e+06
53.3691;53.9362;1.69832e+06;6.6911e+06
53.3355;53.8969;1.69979e+06;6.69289e+06
53.3421;53.9279;1.70003e+06;6.69305e+06
53.3687;53.9386;1.70202e+06;6.69529e+06
53.305;54.0092;1.70534e+06;6.69804e+06
53.2419;54.0791;1.70534e+06;6.69807e+06
53.1895;53.9784;1.71158e+06;6.70482e+06
53.1376;53.8786;1.71158e+06;6.70486e+06
53.1763;53.9198;1.7131e+06;6.70812e+06
53.1645;53.9206;1.71368e+06;6.70849e+06
53.1528;53.9414;1.71578e+06;6.7096e+06
53.1313;53.902;1.71825e+06;6.71102e+06
53.11;53.8629;1.71825e+06;6.71105e+06
53.1089;53.8143;1.71828e+06;6.71113e+06
53.0778;53.7962;1.71843e+06;6.71124e+06
53.047;53.7782;1.71844e+06;6.71127e+06
53.0966;53.7904;1.71993e+06;6.71303e+06
53.1956;53.8025;1.72347e+06;6.71612e+06
53.1136;53.7045;1.72556e+06;6.71801e+06
53.0325;53.6075;1.72556e+06;6.71804e+06
52.9722;53.5114;1.72714e+06;6.72004e+06
52.9025;53.4363;1.72799e+06;6.7211e+06
52.8034;53.5119;1.73014e+06;6.72307e+06
52.8354;53.4568;1.73044e+06;6.72381e+06
52.7671;53.4622;1.74546e+06;6.73815e+06
52.7594;53.3976;1.7468e+06;6.73984e+06
52.6918;53.3336;1.74699e+06;6.73996e+06
52.6749;53.2403;1.74975e+06;6.74293e+06
52.6681;53.1779;1.75116e+06;6.74417e+06
52.6514;53.2461;1.75124e+06;6.74427e+06
52.5749;53.2236;1.75267e+06;6.74493e+06
52.6492;53.1514;1.75283e+06;6.74584e+06
52.7127;53.2399;1.75622e+06;6.7489e+06
52.7756;53.3275;1.75622e+06;6.74893e+06
52.6878;53.2542;1.75896e+06;6.75182e+06
52.6809;53.3317;1.76104e+06;6.75385e+06
52.6241;53.2684;1.76217e+06;6.75484e+06
52.5979;53.2357;1.7627e+06;6.75784e+06
52.5919;53.2333;1.77368e+06;6.76599e+06
52.626;53.231;1.77385e+06;6.7668e+06
52.5597;53.1387;1.78473e+06;6.77695e+06
52.5741;53.1173;1.78719e+06;6.77982e+06
52.6184;53.1061;1.78852e+06;6.78313e+06
52.6622;53.0951;1.78852e+06;6.78316e+06
52.6256;53.0541;1.78854e+06;6.78321e+06
52.7193;53.1136;1.79034e+06;6.78391e+06
52.6221;53.0224;1.79277e+06;6.78506e+06
52.5959;53.0222;1.7941e+06;6.78682e+06
52.5499;52.942;1.79608e+06;6.78885e+06
52.6444;53.0326;1.79942e+06;6.79186e+06
52.628;53.0122;1.80143e+06;6.7939e+06
52.6117;52.9921;1.80143e+06;6.79393e+06
52.6956;53.0122;1.80269e+06;6.79507e+06
52.7587;52.9621;1.80504e+06;6.7972e+06
52.7811;52.9424;1.81355e+06;6.80692e+06
52.7333;52.883;1.81854e+06;6.81088e+06
52.7459;52.8042;1.82504e+06;6.81716e+06
52.7085;52.7962;1.8289e+06;6.8209e+06
52.6714;52.7882;1.8289e+06;6.82093e+06
52.7247;52.7503;1.83901e+06;6.83194e+06
52.7374;52.7128;1.84018e+06;6.83231e+06
52.82;52.7057;1.84673e+06;6.83891e+06
52.7518;52.6386;1.84937e+06;6.84181e+06
52.7743;52.5522;1.86809e+06;6.85985e+06
52.7466;52.5067;1.86868e+06;6.86088e+06
52.8091;52.4216;1.87304e+06;6.86581e+06
52.731;52.4274;1.89699e+06;6.88893e+06
52.6537;52.4331;1.89699e+06;6.88896e+06
52.7172;52.4188;1.92084e+06;6.91279e+06
52.8;52.4046;1.92123e+06;6.91288e+06
52.882;52.4806;1.92206e+06;6.91383e+06
52.7832;52.5058;1.94499e+06;6.93679e+06
52.8454;52.5307;1.9479e+06;6.93904e+06
52.8869;52.5654;1.96469e+06;6.95694e+06
52.788;52.5698;1.96642e+06;6.95781e+06
52.7701;52.5641;1.97359e+06;6.9649e+06
52.7524;52.5584;1.97359e+06;6.96493e+06
52.7549;52.6328;1.99743e+06;6.98883e+06
52.7574;52.7065;1.99743e+06;6.98979e+06
52.8098;52.7394;2.00577e+06;6.9978e+06
52.7117;52.752;2.01294e+06;7.00478e+06
52.7346;52.8145;2.02e+06;7.01081e+06
52.6672;52.8064;2.02065e+06;7.01181e+06
52.6706;52.7483;2.03693e+06;7.0278e+06
52.5939;52.8208;2.07004e+06;7.06081e+06
52.6179;52.7326;2.10328e+06;7.09479e+06
52.5217;52.6753;2.10783e+06;7.09878e+06
52.4265;52.6085;2.11633e+06;7.10691e+06
52.3923;52.6225;2.11703e+06;7.10778e+06
52.4483;52.6862;2.12507e+06;7.1158e+06
52.4438;52.6494;2.1431e+06;7.13282e+06
52.4394;52.6129;2.1431e+06;7.13379e+06
52.415;52.6867;2.15812e+06;7.15479e+06
52.3409;52.6599;2.17027e+06;7.15988e+06
52.3675;52.6533;2.17943e+06;7.17178e+06
52.3138;52.6068;2.18244e+06;7.17278e+06
52.3006;52.5607;2.19125e+06;7.1819e+06
52.2776;52.6051;2.20174e+06;7.19378e+06
52.3349;52.549;2.21835e+06;7.20878e+06
52.2915;52.5035;2.24439e+06;7.23387e+06
52.3686;52.4985;2.25869e+06;7.25078e+06
52.3949;52.4535;2.27746e+06;7.26682e+06
52.471;52.549;2.32507e+06;7.31578e+06
52.4562;52.5635;2.33072e+06;7.3198e+06
52.5217;52.6079;2.33422e+06;7.32477e+06
52.6065;52.5218;2.33801e+06;7.32777e+06
52.6704;52.5566;2.36772e+06;7.35694e+06
52.7337;52.591;2.36773e+06;7.35697e+06
52.7864;52.5951;2.38286e+06;7.37179e+06
52.7585;52.6491;2.38503e+06;7.37478e+06
52.8109;52.7026;2.40809e+06;7.39681e+06
52.7828;52.7556;2.41084e+06;7.39978e+06
52.795;52.838;2.41118e+06;7.40177e+06
52.867;52.8897;2.42067e+06;7.40881e+06
52.9384;52.9408;2.42067e+06;7.41078e+06
52.919;52.8714;2.46758e+06;7.4568e+06
52.8998;52.8026;2.46758e+06;7.45683e+06
52.8708;52.8446;2.50273e+06;7.49278e+06
52.8621;52.7862;2.54328e+06;7.5318e+06
52.9035;52.6983;2.54393e+06;7.53231e+06
52.8344;52.7213;2.57202e+06;7.55981e+06
52.8261;52.6641;2.58594e+06;7.57974e+06
52.8978;52.7275;2.6186e+06;7.60683e+06
52.9288;52.6402;2.73394e+06;7.72175e+06
52.9496;52.7238;2.81015e+06;7.79577e+06
52.9701;52.8066;2.81015e+06;7.7958e+06
52.9704;52.7285;2.81092e+06;7.79775e+06
52.9007;52.8212;2.82222e+06;7.80777e+06
52.9616;52.783;2.82614e+06;7.81275e+06
53.052;52.7952;2.9595e+06;7.94574e+06
53.1015;52.7172;3.01279e+06;8.00374e+06
53.0505;52.72;3.15506e+06;8.13877e+06
53;52.7228;3.15506e+06;8.1388e+06
53.09;52.8056;3.19077e+06;8.18176e+06
53.1291;52.8876;3.32932e+06;8.31373e+06
53.0778;52.9687;3.35906e+06;8.34176e+06
53.107;52.959;3.50158e+06;8.48277e+06
53.1359;52.9494;3.50158e+06;8.48572e+06
53.0446;52.9499;3.51246e+06;8.49374e+06
53.0141;52.9204;3.54969e+06;8.53271e+06
52.934;52.8812;3.65395e+06;8.63771e+06
52.9747;52.8624;3.75636e+06;8.73672e+06
52.8849;52.8738;4.0013e+06;8.98369e+06
52.8061;52.805;4.16786e+06;9.14869e+06
52.858;52.787;4.35887e+06;9.33669e+06
52.8694;52.8191;4.39611e+06;9.37169e+06
52.8507;52.7809;4.51357e+06;9.48871e+06
52.8522;52.7731;4.53009e+06;9.5097e+06
52.8937;52.7854;4.83238e+06;9.80568e+06
52.9548;52.7475;4.84587e+06;9.81966e+06
52.9852;52.6701;4.88615e+06;9.86966e+06
53.0554;52.5934;5.20246e+06;1.01766e+07
53.0248;52.5974;5.60657e+06;1.05756e+07
52.9946;52.5415;5.85718e+06;1.08236e+07
53.0046;52.506;5.85727e+06;1.08236e+07
53.0246;52.591;6.07641e+06;1.10407e+07
53.1043;52.6351;6.08226e+06;1.10468e+07
53.1433;52.7087;6.08939e+06;1.10549e+07
53.0518;52.6316;6.08982e+06;1.10551e+07
53.0613;52.5753;6.10206e+06;1.10668e+07
53.0107;52.5996;6.11012e+06;1.10747e+07
52.9206;52.5836;6.11101e+06;1.10758e+07
52.8314;52.5677;6.11102e+06;1.10758e+07
52.7431;52.552;6.11102e+06;1.10758e+07
52.6857;52.5465;6.11176e+06;1.10768e+07
52.6388;52.4911;6.11203e+06;1.1077e+07
52.5524;52.4462;6.11365e+06;1.10798e+07
52.4669;52.3917;6.11377e+06;1.108e+07
52.3822;52.3678;6.11397e+06;1.10803e+07
52.3084;52.3641;6.11541e+06;1.10818e+07
52.2353;52.3905;6.11587e+06;1.10822e+07
52.163;52.4266;6.122e+06;1.10877e+07
52.0913;52.3423;6.12242e+06;1.10884e+07
52.0204;52.3589;6.12376e+06;1.10894e+07
52.0302;52.3553;6.12546e+06;1.1091e+07
51.9399;52.4017;6.1259e+06;1.10913e+07
51.8505;52.4377;6.12992e+06;1.10945e+07
51.752;52.4533;6.13252e+06;1.10973e+07
51.6745;52.4388;6.13898e+06;1.11053e+07
51.6077;52.3844;6.13902e+06;1.11056e+07
51.5117;52.3806;6.13915e+06;1.1106e+07
51.4365;52.3968;6.13942e+06;1.11068e+07
51.3722;52.3228;6.13974e+06;1.11071e+07
51.2985;52.2396;6.14114e+06;1.11085e+07
51.2055;52.1772;6.14167e+06;1.11092e+07
51.1234;52.1654;6.14181e+06;1.11093e+07
51.0522;52.1937;6.14223e+06;1.11096e+07
50.9617;52.2518;6.14231e+06;1.11097e+07
50.872;52.3193;6.14368e+06;1.1111e+07
50.8033;52.2861;6.1472e+06;1.11158e+07
50.7453;52.2432;6.14877e+06;1.11173e+07
50.6478;52.2708;6.14883e+06;1.11174e+07
50.6714;52.3581;6.1519e+06;1.11205e+07
50.7146;52.3645;6.15252e+06;1.11211e+07
50.6675;52.3009;6.15318e+06;1.1122e+07
50.6308;52.2679;6.15325e+06;1.1122e+07
50.5345;52.2652;6.15566e+06;1.11246e+07
50.4692;52.3125;6.1585e+06;1.11279e+07
50.4645;52.2494;6.15888e+06;1.11285e+07
50.3798;52.2569;6.1609e+06;1.11309e+07
50.356;52.2243;6.16434e+06;1.11348e+07
50.2625;52.2121;6.16453e+06;1.11352e+07
50.2998;52.27;6.1662e+06;1.11374e+07
50.2768;52.2173;6.16845e+06;1.11401e+07
50.1841;52.2751;6.16911e+06;1.11408e+07
50.1622;52.3023;6.16927e+06;1.1141e+07
50.0706;52.2193;6.1697e+06;1.11414e+07
50.0999;52.2471;6.1701e+06;1.11419e+07
50.0189;52.3447;6.17023e+06;1.11421e+07
49.9487;52.2712;6.17064e+06;1.11423e+07
49.8792;52.1985;6.17064e+06;1.11424e+07
49.7804;52.1265;6.17096e+06;1.11431e+07
49.7126;52.1453;6.17158e+06;1.11443e+07
49.7355;52.2338;6.17279e+06;1.11459e+07
49.6882;52.3015;6.17329e+06;1.11472e+07
49.5913;52.2985;6.17389e+06;1.11475e+07
49.5654;52.3055;6.17405e+06;1.11476e+07
49.5397;52.3124;6.17405e+06;1.11477e+07
49.4643;52.2693;6.17424e+06;1.11481e+07
49.4897;52.3266;6.17424e+06;1.11481e+07
49.4248;52.3233;6.17434e+06;1.11483e+07
49.3305;52.2901;6.17439e+06;1.11484e+07
49.2372;52.2572;6.17439e+06;1.11485e+07
49.1848;52.3146;6.17458e+06;1.11491e+07
49.273;52.2715;6.17467e+06;1.11495e+07
49.3203;52.2088;6.17624e+06;1.11517e+07
49.3471;52.1567;6.17626e+06;1.11518e+07
49.2736;52.0751;6.17652e+06;1.11525e+07
49.1809;52.0644;6.17814e+06;1.11542e+07
49.1491;51.9937;6.17824e+06;1.11547e+07
49.1476;51.9338;6.17825e+06;1.11548e+07
49.1161;51.9044;6.17829e+06;1.11549e+07
49.1649;51.9354;6.18027e+06;1.11569e+07
49.0833;52.036;6.18124e+06;1.11579e+07
49.0424;52.0957;6.18269e+06;1.11593e+07
48.972;52.0847;6.1829e+06;1.11594e+07
48.9023;52.0739;6.1829e+06;1.11594e+07
48.8433;52.0131;6.18416e+06;1.11608e+07
48.8848;52.013;6.18464e+06;1.11616e+07
48.856;51.9729;6.18495e+06;1.11619e+07
48.7974;52.0431;6.18504e+06;1.11621e+07
48.7795;52.0827;6.18527e+06;1.11624e+07
48.7417;52.1519;6.18568e+06;1.1163e+07
48.6642;52.2404;6.18617e+06;1.11635e+07
48.6076;52.338;6.18645e+06;1.11638e+07
48.6115;52.2846;6.18911e+06;1.11659e+07
48.5454;52.3617;6.18948e+06;1.11668e+07
48.48;52.4381;6.18948e+06;1.11669e+07
48.5452;52.4637;6.18953e+06;1.1167e+07
48.5297;52.3891;6.1896e+06;1.11672e+07
48.4344;52.3152;6.18982e+06;1.11678e+07
48.3701;52.3421;6.19011e+06;1.11681e+07
48.2764;52.2586;6.19112e+06;1.11693e+07
48.1836;52.176;6.19112e+06;1.11693e+07
48.1918;52.2443;6.19137e+06;1.11701e+07
48.1698;52.2518;6.19159e+06;1.11705e+07
48.2181;52.3193;6.19269e+06;1.11727e+07
48.266;52.3861;6.19269e+06;1.11728e+07
48.3433;52.4223;6.1927e+06;1.11728e+07
48.3299;52.488;6.19278e+06;1.11729e+07
48.3666;52.5532;6.19318e+06;1.11734e+07
48.4029;52.6176;6.19318e+06;1.11734e+07
48.3989;52.6815;6.19341e+06;1.11738e+07
48.4749;52.6546;6.19407e+06;1.11746e+07
48.4601;52.6281;6.19422e+06;1.1175e+07
48.4055;52.5718;6.19554e+06;1.11772e+07
48.3915;52.5061;6.19604e+06;1.1178e+07
48.3076;52.541;6.19616e+06;1.11781e+07
48.2545;52.4556;6.19689e+06;1.11791e+07
48.242;52.3711;6.19694e+06;1.11792e+07
48.2795;52.2874;6.19706e+06;1.11795e+07
48.2067;52.2945;6.19724e+06;1.118e+07
48.2747;52.3115;6.19737e+06;1.11803e+07
48.2019;52.2384;6.19741e+06;1.11804e+07
48.1199;52.276;6.19753e+06;1.11807e+07
48.1687;52.3333;6.19792e+06;1.11812e+07
48.147;52.32;6.19859e+06;1.11821e+07
48.1256;52.3068;6.19859e+06;1.11821e+07
48.1243;52.2237;6.19883e+06;1.11827e+07
48.0931;52.2314;6.19925e+06;1.11833e+07
48.1621;52.3191;6.19952e+06;1.11838e+07
48.2305;52.4059;6.19952e+06;1.11838e+07
48.1482;52.4419;6.19996e+06;1.11844e+07
48.1467;52.4775;6.20033e+06;1.11854e+07
48.1453;52.5127;6.20033e+06;1.11855e+07
48.1238;52.5476;6.20066e+06;1.11863e+07
48.1126;52.5621;6.20085e+06;1.11868e+07
48.2014;52.5265;6.20104e+06;1.11874e+07
48.1794;52.4412;6.20116e+06;1.11878e+07
48.2676;52.5068;6.20123e+06;1.11879e+07
48.275;52.4817;6.20125e+06;1.11879e+07
48.2322;52.4769;6.20239e+06;1.11897e+07
48.2799;52.3921;6.20302e+06;1.11907e+07
48.2271;52.3582;6.20319e+06;1.11909e+07
48.1648;52.2846;6.20413e+06;1.11922e+07
48.1532;52.3418;6.20477e+06;1.11932e+07
48.1716;52.4284;6.2053e+06;1.11942e+07
48.1399;52.3641;6.20561e+06;1.11946e+07
48.1085;52.3004;6.20561e+06;1.11947e+07
48.0974;52.2874;6.20583e+06;1.1195e+07
48.0765;52.3546;6.20658e+06;1.11961e+07
48.1157;52.341;6.2075e+06;1.11975e+07
48.1545;52.3276;6.2075e+06;1.11975e+07
48.193;52.3143;6.2075e+06;1.11975e+07
48.1211;52.2712;6.20798e+06;1.11983e+07
48.1999;52.3185;6.20852e+06;1.11989e+07
48.2279;52.3253;6.2087e+06;1.11991e+07
48.3256;52.402;6.20931e+06;1.12002e+07
48.2823;52.338;6.21111e+06;1.12025e+07
48.1895;52.3546;6.21169e+06;1.12031e+07
48.2276;52.3311;6.21188e+06;1.12034e+07
48.2453;52.3778;6.21189e+06;1.12035e+07
48.2129;52.324;6.21206e+06;1.12037e+07
48.1808;52.2708;6.21206e+06;1.12037e+07
48.1489;52.3581;6.21254e+06;1.12046e+07
48.2175;52.3245;6.21266e+06;1.12047e+07
48.3153;52.3212;6.21327e+06;1.12053e+07
48.4121;52.318;6.21327e+06;1.12053e+07
48.398;52.3948;6.2146e+06;1.12082e+07
48.384;52.4209;6.21469e+06;1.12087e+07
48.4602;52.4967;6.21529e+06;1.12106e+07
48.5156;52.5117;6.21554e+06;1.12109e+07
48.4404;52.5866;6.21558e+06;1.1211e+07
48.426;52.5407;6.21576e+06;1.12111e+07
48.4118;52.4953;6.21576e+06;1.12112e+07
48.5077;52.4704;6.21674e+06;1.12139e+07
48.5426;52.4957;6.21706e+06;1.12152e+07
48.4572;52.4107;6.21817e+06;1.12171e+07
48.4526;52.3866;6.21823e+06;1.12173e+07
48.4581;52.4227;6.21832e+06;1.12178e+07
48.4235;52.4685;6.21848e+06;1.12189e+07
48.4292;52.4238;6.21849e+06;1.1219e+07
48.4949;52.3996;6.2185e+06;1.12191e+07
48.47;52.3756;6.2189e+06;1.12205e+07
48.5253;52.3718;6.21908e+06;1.12208e+07
48.5;52.4181;6.21952e+06;1.12211e+07
48.515;52.4739;6.22035e+06;1.12242e+07
48.4899;52.5192;6.22055e+06;1.12248e+07
48.455;52.474;6.2215e+06;1.12258e+07
48.4505;52.4893;6.22168e+06;1.12262e+07
48.4459;52.5044;6.22168e+06;1.12262e+07
48.4815;52.4593;6.22173e+06;1.12264e+07
48.4967;52.4647;6.2221e+06;1.1228e+07
48.4617;52.5301;6.22219e+06;1.12283e+07
48.4371;52.5248;6.22266e+06;1.12293e+07
48.3927;52.5896;6.22285e+06;1.12297e+07
48.3988;52.6737;6.22346e+06;1.12304e+07
48.4048;52.7569;6.22346e+06;1.12305e+07
48.4008;52.7494;6.22378e+06;1.12311e+07
48.3567;52.8319;6.22407e+06;1.12327e+07
48.2732;52.8935;6.22416e+06;1.12331e+07
48.2604;52.8846;6.22429e+06;1.12336e+07
48.2678;52.8058;6.22544e+06;1.12352e+07
48.3252;52.8077;6.22551e+06;1.12354e+07
48.3219;52.7896;6.22563e+06;1.1236e+07
48.3187;52.7717;6.22563e+06;1.1236e+07
48.3355;52.804;6.2258e+06;1.12373e+07
48.3522;52.796;6.22607e+06;1.12385e+07
48.4086;52.748;6.22734e+06;1.12403e+07
48.4245;52.7705;6.22738e+06;1.12404e+07
48.3903;52.6928;6.22758e+06;1.12417e+07
48.3464;52.7659;6.22758e+06;1.12417e+07
48.3229;52.8382;6.22765e+06;1.12421e+07
48.3197;52.7999;6.2278e+06;1.12428e+07
48.3465;52.8319;6.22902e+06;1.12449e+07
48.423;52.7635;6.22904e+06;1.1245e+07
48.4988;52.6959;6.22904e+06;1.1245e+07
48.4738;52.6389;6.22914e+06;1.12457e+07
48.5491;52.6026;6.22965e+06;1.12482e+07
48.6136;52.5165;6.23008e+06;1.12485e+07
48.6575;52.5614;6.23098e+06;1.12519e+07
48.7009;52.6058;6.23098e+06;1.12519e+07
48.6839;52.6497;6.23101e+06;1.12524e+07
48.707;52.7132;6.23111e+06;1.12535e+07
48.74;52.8061;6.23112e+06;1.12536e+07
48.7426;52.858;6.23129e+06;1.12549e+07
48.7351;52.7894;6.23131e+06;1.12551e+07
48.7878;52.7615;6.23238e+06;1.12569e+07
48.8499;52.6739;6.23244e+06;1.12572e+07
48.9114;52.5872;6.23244e+06;1.12573e+07
48.9723;52.5013;6.23245e+06;1.12573e+07
49.0426;52.4463;6.23487e+06;1.1263e+07
49.0621;52.4318;6.23568e+06;1.12643e+07
49.1015;52.4075;6.23652e+06;1.1265e+07
49.1705;52.3934;6.23981e+06;1.12724e+07
49.1588;52.4695;6.24215e+06;1.12801e+07
49.2172;52.4148;6.2423e+06;1.12812e+07
49.245;52.3807;6.24251e+06;1.12827e+07
49.2726;52.3468;6.24251e+06;1.12828e+07
49.2199;52.2934;6.24258e+06;1.12832e+07
49.1677;52.2204;6.24259e+06;1.12833e+07
49.136;52.2782;6.24265e+06;1.12835e+07
49.1346;52.3255;6.24267e+06;1.12837e+07
49.1333;52.3222;6.24361e+06;1.12856e+07
49.0919;52.349;6.24362e+06;1.12857e+07
49.181;52.2855;6.24434e+06;1.12887e+07
49.1992;52.3326;6.24598e+06;1.12935e+07
49.2772;52.3293;6.24777e+06;1.12978e+07
49.3045;52.266;6.24784e+06;1.12982e+07
49.2714;52.3134;6.24792e+06;1.12991e+07
49.1787;52.3802;6.24829e+06;1.13011e+07
49.1069;52.4664;6.24914e+06;1.13025e+07
49.0358;52.5518;6.24914e+06;1.13025e+07
48.9755;52.4962;6.24979e+06;1.13043e+07
48.9357;52.4613;6.24993e+06;1.13054e+07
48.9164;52.5567;6.25003e+06;1.13059e+07
48.9172;52.5411;6.25266e+06;1.1312e+07
48.978;52.6157;6.25585e+06;1.13181e+07
48.9383;52.5295;6.25585e+06;1.13181e+07
48.9189;52.4442;6.25591e+06;1.13183e+07
48.8897;52.5298;6.25723e+06;1.13203e+07
48.9208;52.6045;6.26246e+06;1.13293e+07
48.8316;52.6385;6.26489e+06;1.13334e+07
48.7433;52.7021;6.26747e+06;1.13401e+07
48.7358;52.745;6.26814e+06;1.13409e+07
48.7285;52.7876;6.26814e+06;1.13409e+07
48.7612;52.8297;6.2689e+06;1.13422e+07
48.8136;52.7414;6.27552e+06;1.13568e+07
48.8954;52.744;6.27567e+06;1.1357e+07
48.9765;52.6966;6.27771e+06;1.13612e+07
49.0567;52.6496;6.27772e+06;1.13612e+07
49.1162;52.5731;6.27917e+06;1.13641e+07
49.075;52.5574;6.27978e+06;1.13663e+07
49.1442;52.6518;6.2798e+06;1.13664e+07
49.2428;52.6753;6.2802e+06;1.13684e+07
49.1804;52.7585;6.28048e+06;1.13689e+07
49.1486;52.7809;6.28384e+06;1.13758e+07
49.2371;52.8231;6.2854e+06;1.13787e+07
49.3147;52.7449;6.28679e+06;1.13817e+07
49.2616;52.8375;6.29018e+06;1.13894e+07
49.289;52.8391;6.29114e+06;1.13922e+07
49.2061;52.8107;6.30692e+06;1.14304e+07
49.114;52.7626;6.3119e+06;1.14409e+07
49.0329;52.825;6.3148e+06;1.14488e+07
48.9425;52.8567;6.31854e+06;1.14575e+07
48.8531;52.8881;6.31854e+06;1.14576e+07
48.7546;52.9093;6.31954e+06;1.14604e+07
48.687;52.9502;6.32334e+06;1.14699e+07
48.6702;53.0307;6.3252e+06;1.14738e+07
48.7635;53.0404;6.32767e+06;1.14785e+07
48.6658;53.09;6.3279e+06;1.14789e+07
48.6092;53.1391;6.33105e+06;1.14866e+07
48.5531;53.1877;6.33106e+06;1.14867e+07
48.4676;53.2358;6.33344e+06;1.14932e+07
48.4129;53.2534;6.33558e+06;1.14977e+07
48.3787;53.3209;6.34006e+06;1.15073e+07
48.295;53.2577;6.35275e+06;1.15354e+07
48.202;53.2551;6.36286e+06;1.1566e+07
48.16;53.2826;6.37224e+06;1.15844e+07
48.1084;53.2797;6.38385e+06;1.16128e+07
48.0173;53.2269;6.38659e+06;1.16179e+07
47.9871;53.3147;6.39341e+06;1.16282e+07
47.9973;53.2715;6.39379e+06;1.16292e+07
48.0173;53.3588;6.39407e+06;1.16298e+07
47.9471;53.3452;6.40061e+06;1.1638e+07
47.9576;53.4318;6.41678e+06;1.16664e+07
48.0081;53.4574;6.42338e+06;1.1677e+07
48.038;53.5329;6.43288e+06;1.16915e+07
48.0376;53.6175;6.44482e+06;1.17124e+07
47.9472;53.6814;6.45037e+06;1.1723e+07
47.9178;53.7646;6.4505e+06;1.17232e+07
47.9986;53.8169;6.45245e+06;1.17278e+07
47.9486;53.8787;6.46098e+06;1.17449e+07
48.0091;53.91;6.46905e+06;1.17608e+07
48.099;53.9208;6.4695e+06;1.17614e+07
48.098;54.0016;6.4736e+06;1.17672e+07
48.147;54.0816;6.47507e+06;1.17702e+07
48.0956;54.0908;6.4809e+06;1.17791e+07
48.0346;54.1199;6.48673e+06;1.17905e+07
48.1043;54.0887;6.48963e+06;1.17963e+07
48.0432;54.1578;6.48975e+06;1.17968e+07
47.9528;54.1962;6.49144e+06;1.17999e+07
47.9033;54.2643;6.4919e+06;1.18016e+07
47.8842;54.3316;6.49225e+06;1.18026e+07
47.8154;54.3983;6.49353e+06;1.18068e+07
47.7172;54.4443;6.4939e+06;1.18077e+07
47.7201;54.3799;6.49591e+06;1.18119e+07
47.7529;54.3561;6.49686e+06;1.18139e+07
47.7653;54.4325;6.50556e+06;1.1834e+07
47.7177;54.4682;6.51038e+06;1.18451e+07
47.6405;54.5035;6.51173e+06;1.18488e+07
47.6341;54.5785;6.51511e+06;1.18565e+07
47.6478;54.6427;6.51669e+06;1.18612e+07
47.6413;54.5663;6.51832e+06;1.18654e+07
47.6749;54.6306;6.51994e+06;1.18697e+07
47.6681;54.6943;6.52017e+06;1.18701e+07
47.6314;54.7374;6.52347e+06;1.18773e+07
47.6851;54.81;6.52895e+06;1.18912e+07
47.7283;54.8819;6.53187e+06;1.18997e+07
47.751;54.9531;6.5396e+06;1.19182e+07
47.7635;54.9735;6.54499e+06;1.1931e+07
47.7258;55.0138;6.5642e+06;1.19756e+07
47.6286;55.0537;6.57909e+06;1.20101e+07
47.5723;55.1131;6.58069e+06;1.20133e+07
47.5066;55.172;6.59859e+06;1.20498e+07
47.4915;55.2303;6.60028e+06;1.20537e+07
47.5166;55.298;6.60447e+06;1.20619e+07
47.5414;55.365;6.60448e+06;1.20619e+07
47.596;55.3414;6.61529e+06;1.20848e+07
47.5301;55.2779;6.63251e+06;1.21166e+07
47.5048;55.2452;6.65293e+06;1.21512e+07
47.5697;55.2027;6.6652e+06;1.21683e+07
47.564;55.2707;6.6902e+06;1.22079e+07
47.5384;55.238;6.69209e+06;1.22109e+07
47.473;55.1756;6.72298e+06;1.22555e+07
47.3883;55.2038;6.73507e+06;1.22721e+07
47.3044;55.2318;6.73507e+06;1.22722e+07
47.2913;55.1395;6.73752e+06;1.22751e+07
47.3384;55.1081;6.7817e+06;1.23268e+07
47.295;55.137;6.793e+06;1.23362e+07
47.2521;55.1656;6.793e+06;1.23363e+07
47.2496;55.224;6.80974e+06;1.23491e+07
47.2971;55.2517;6.82957e+06;1.23622e+07
47.3941;55.2692;6.83785e+06;1.23667e+07
47.4302;55.2165;6.87444e+06;1.2376e+07
47.4659;55.1644;6.87444e+06;1.2376e+07
47.5012;55.0827;6.89392e+06;1.23779e+07
47.5862;55.0819;7.03067e+06;1.23862e+07
47.6703;55.0811;7.03067e+06;1.23863e+07
47.6136;55.0903;7.1291e+06;1.2389e+07
47.6775;54.9994;7.19422e+06;1.23916e+07
47.7407;54.9094;7.24846e+06;1.23931e+07
47.6533;54.9603;7.50266e+06;1.24585e+07
47.5768;54.9907;7.52785e+06;1.24835e+07
47.491;54.9608;7.55093e+06;1.25056e+07
47.4061;54.8911;7.75584e+06;1.27095e+07
47.422;54.9622;7.76272e+06;1.27225e+07
47.4078;54.8726;7.94395e+06;1.28965e+07
47.4937;54.9139;7.98436e+06;1.29375e+07
47.3988;54.8447;8.04811e+06;1.29995e+07
47.3848;54.8663;8.05545e+06;1.30105e+07
47.451;54.8876;8.17394e+06;1.31246e+07
47.5064;54.8388;8.17414e+06;1.31255e+07
47.5914;54.8404;8.17528e+06;1.31295e+07
47.5155;54.792;8.40311e+06;1.33545e+07
47.4203;54.694;9.0996e+06;1.40505e+07
47.4761;54.6771;9.53748e+06;1.44994e+07
47.5114;54.6303;9.8089e+06;1.47574e+07
47.4262;54.684;1.00552e+07;1.49954e+07
47.362;54.6572;1.06271e+07;1.55624e+07
47.2884;54.5806;1.1042e+07;1.59744e+07
47.3455;54.4948;1.11418e+07;1.60736e+07
47.302;54.4799;1.11573e+07;1.60894e+07
47.399;54.4151;1.1162e+07;1.60934e+07
47.365;54.3209;1.11637e+07;1.60958e+07
47.3414;54.2577;1.11663e+07;1.60976e+07
47.358;54.2251;1.11911e+07;1.61225e+07
47.3344;54.1929;1.11913e+07;1.61227e+07
47.351;54.1709;1.11917e+07;1.61234e+07
47.4075;54.1892;1.1192e+07;1.61239e+07
47.3434;54.1273;1.11947e+07;1.61265e+07
47.28;54.1761;1.11983e+07;1.61294e+07
47.2172;54.2243;1.1199e+07;1.61305e+07
47.205;54.1521;1.11993e+07;1.61306e+07
47.173;54.0806;1.12057e+07;1.61374e+07
47.1613;54.0197;1.12096e+07;1.61405e+07
47.1696;53.9596;1.12098e+07;1.61414e+07
47.1479;53.99;1.1213e+07;1.61445e+07
47.1065;53.9901;1.12144e+07;1.61457e+07
47.1554;53.9402;1.12166e+07;1.61476e+07
47.1638;53.9708;1.12285e+07;1.61596e+07
47.1722;53.941;1.12296e+07;1.61614e+07
47.2205;53.9316;1.12344e+07;1.61657e+07
47.2683;53.9223;1.12367e+07;1.61677e+07
47.2956;53.9631;1.12369e+07;1.61678e+07
47.2626;53.8835;1.12382e+07;1.61699e+07
47.19;53.9646;1.12384e+07;1.61703e+07
47.1381;53.895;1.12385e+07;1.61706e+07
47.0767;53.806;1.12387e+07;1.61714e+07
47.036;53.748;1.12388e+07;1.61716e+07
46.9556;53.8205;1.12406e+07;1.61734e+07
46.856;53.8123;1.12414e+07;1.61739e+07
46.8875;53.7942;1.12423e+07;1.61745e+07
46.9086;53.8362;1.12425e+07;1.61747e+07
46.8695;53.7679;1.12436e+07;1.61764e+07
46.7708;53.7802;1.12526e+07;1.61835e+07
46.7531;53.6824;1.12528e+07;1.61836e+07
46.7456;53.6956;1.12548e+07;1.61864e+07
46.7481;53.7586;1.12551e+07;1.61864e+07
46.7107;53.831;1.12564e+07;1.61876e+07
46.7136;53.7727;1.12587e+07;1.61898e+07
46.7064;53.775;1.12606e+07;1.61916e+07
46.6493;53.8372;1.12629e+07;1.61936e+07
46.5729;53.7489;1.12636e+07;1.61946e+07
46.4971;53.7314;1.12639e+07;1.6195e+07
46.5622;53.6841;1.12642e+07;1.61955e+07
46.4765;53.7372;1.12695e+07;1.62015e+07
46.3818;53.7898;1.12751e+07;1.62064e+07
46.398;53.7419;1.12922e+07;1.62234e+07
46.354;53.7645;1.13248e+07;1.62554e+07
46.3404;53.8269;1.13287e+07;1.62594e+07
46.307;53.7786;1.1336e+07;1.62665e+07
46.274;53.8208;1.13443e+07;1.62764e+07
46.3512;53.7826;1.13672e+07;1.62974e+07
46.3077;53.8248;1.13894e+07;1.63194e+07
46.3546;53.8765;1.14247e+07;1.63563e+07
46.2711;53.8378;1.14427e+07;1.63725e+07
46.2584;53.8894;1.14621e+07;1.63923e+07
46.1958;53.9505;1.1476e+07;1.64063e+07
46.2338;54.021;1.14943e+07;1.64234e+07
46.2615;53.9308;1.15316e+07;1.64613e+07
46.1989;53.8915;1.15651e+07;1.64944e+07
46.1969;53.8726;1.16343e+07;1.65624e+07
46.2549;53.9238;1.16682e+07;1.65974e+07
46.2524;53.9446;1.1691e+07;1.66194e+07
46.2499;54.0152;1.16962e+07;1.66273e+07
46.1674;53.955;1.17005e+07;1.66284e+07
46.2257;54.0055;1.17174e+07;1.66484e+07
46.2634;54.0754;1.18104e+07;1.67383e+07
46.2508;54.0247;1.1843e+07;1.67713e+07
46.1583;54.0444;1.21474e+07;1.70783e+07
46.2067;54.074;1.21656e+07;1.70933e+07
46.2546;54.0532;1.23361e+07;1.72613e+07
46.3321;54.0527;1.25643e+07;1.74953e+07
46.2888;54.1222;1.26407e+07;1.75683e+07
46.3859;54.0909;1.2677e+07;1.76053e+07
46.322;54.13;1.26975e+07;1.76203e+07
46.3188;54.0887;1.27269e+07;1.76613e+07
46.3856;54.1078;1.28122e+07;1.77653e+07
46.4417;54.1168;1.29304e+07;1.78533e+07
46.3873;54.1756;1.31233e+07;1.80473e+07
46.3135;54.2538;1.36426e+07;1.85642e+07
46.3503;54.1613;1.37822e+07;1.86972e+07
46.3768;54.1797;1.38567e+07;1.87752e+07
46.2831;54.2279;1.44068e+07;1.93182e+07
46.3102;54.2456;1.45781e+07;1.94922e+07
46.2671;54.2632;1.48143e+07;1.97292e+07
46.2444;54.2805;1.4822e+07;1.97412e+07
46.332;54.2977;1.49354e+07;1.98462e+07
46.3687;54.3048;1.49592e+07;1.98662e+07
46.455;54.2017;1.50428e+07;1.99502e+07
46.4604;54.2097;1.52195e+07;2.01262e+07
46.4758;54.2676;1.53157e+07;2.02282e+07
46.5311;54.2949;1.56004e+07;2.05041e+07
46.5558;54.372;1.59524e+07;2.08541e+07
46.5702;54.4082;1.59892e+07;2.08951e+07
46.6645;54.3742;1.60162e+07;2.09201e+07
46.7379;54.3104;1.61577e+07;2.10572e+07
46.7805;54.2873;1.62362e+07;2.11352e+07
46.7727;54.2444;1.62398e+07;2.11383e+07
46.735;54.192;1.62771e+07;2.11752e+07
46.8276;54.1301;1.62952e+07;2.11941e+07
46.9193;54.0688;1.6298e+07;2.11962e+07
46.9201;54.0781;1.62989e+07;2.11982e+07
46.9009;54.1273;1.63046e+07;2.12032e+07
46.8819;54.186;1.631e+07;2.12091e+07
46.8731;54.1942;1.63308e+07;2.12291e+07
46.9644;54.1622;1.6346e+07;2.12443e+07
47.0447;54.0606;1.63496e+07;2.12483e+07
46.9743;54.08;1.64097e+07;2.13081e+07
46.9545;54.0492;1.64359e+07;2.13341e+07
46.935;54.0787;1.65135e+07;2.14121e+07
46.9757;54.1079;1.66048e+07;2.15011e+07
46.9559;54.0568;1.67052e+07;2.16051e+07
47.0063;54.0563;1.69761e+07;2.18741e+07
46.9363;54.0757;1.74722e+07;2.23891e+07
46.9169;53.9749;1.76322e+07;2.25311e+07
46.9677;54.0152;1.8209e+07;2.30951e+07
46.8781;53.975;1.82785e+07;2.3166e+07
46.9193;54.0153;1.85617e+07;2.3451e+07
46.8501;54.0951;1.86599e+07;2.3544e+07
46.8916;54.1142;1.90082e+07;2.3891e+07
46.9027;54.123;1.93776e+07;2.426e+07
46.8937;54.1718;1.93831e+07;2.4263e+07
46.8847;54.2201;1.93848e+07;2.4263e+07
46.7959;54.1879;1.97211e+07;2.4613e+07
46.7079;54.126;2.07953e+07;2.56709e+07
46.7608;54.0948;2.17412e+07;2.66048e+07
46.8032;54.0238;2.17536e+07;2.66169e+07
46.8452;53.9636;2.18693e+07;2.67328e+07
46.8267;54.0439;2.19013e+07;2.67658e+07
46.9085;54.0835;2.20113e+07;2.68798e+07
46.9294;54.0927;2.21069e+07;2.69679e+07
46.8901;54.0517;2.21137e+07;2.69778e+07
46.8312;54.0312;2.21308e+07;2.69919e+07
46.8929;54.0009;2.21913e+07;2.70548e+07
46.884;54.0509;2.2195e+07;2.70578e+07
46.8851;54.0304;2.22012e+07;2.70619e+07
46.9663;54.1001;2.22062e+07;2.70668e+07
46.8866;54.1191;2.22729e+07;2.71329e+07
46.9777;54.1579;2.23183e+07;2.71778e+07
46.878;54.1463;2.23796e+07;2.72389e+07
46.8592;54.1148;2.24085e+07;2.72678e+07
46.8806;54.1337;2.24108e+07;2.72699e+07
46.8618;54.1224;2.24257e+07;2.72888e+07
46.8332;54.1411;2.24528e+07;2.73118e+07
46.7648;54.0897;2.25132e+07;2.73738e+07
46.7372;54.0588;2.2544e+07;2.74028e+07
46.7198;54.1082;2.25562e+07;2.74158e+07
46.6426;54.0272;2.25782e+07;2.74359e+07
46.6762;54.0469;2.28302e+07;2.76888e+07
46.7294;54.0164;2.30577e+07;2.79148e+07
46.6521;54.0862;2.30989e+07;2.79628e+07
46.6056;54.0154;2.33566e+07;2.82108e+07
46.5396;54.0952;2.34094e+07;2.82648e+07
46.5042;54.0443;2.34373e+07;2.82898e+07
46.5491;54.0238;2.37575e+07;2.86098e+07
46.4736;54.0336;2.38148e+07;2.86648e+07
46.4989;54.1133;2.38789e+07;2.87358e+07
46.4039;54.1821;2.40509e+07;2.89108e+07
46.4099;54.2303;2.41888e+07;2.90367e+07
46.4557;54.258;2.42151e+07;2.90628e+07
46.5112;54.2254;2.4319e+07;2.91658e+07
46.4761;54.3032;2.43656e+07;2.92118e+07
46.4613;54.3101;2.46741e+07;2.95207e+07
46.4367;54.267;2.47192e+07;2.95628e+07
46.4223;54.2944;2.47937e+07;2.96457e+07
46.4281;54.2814;2.53489e+07;3.01967e+07
46.4338;54.2886;2.56108e+07;3.04597e+07
46.4995;54.2157;2.58261e+07;3.06627e+07
46.5945;54.2936;2.58982e+07;3.07357e+07
46.5886;54.3306;2.58996e+07;3.07367e+07
46.6527;54.3673;2.59981e+07;3.08346e+07
46.5662;54.2736;2.60554e+07;3.09007e+07
46.5605;54.2009;2.61033e+07;3.09406e+07
46.6249;54.2089;2.61762e+07;3.10147e+07
46.6186;54.1968;2.62039e+07;3.10407e+07
46.7125;54.0948;2.63015e+07;3.11386e+07
46.6553;54.1539;2.64578e+07;3.12927e+07
46.6388;54.1024;2.65808e+07;3.14127e+07
46.6024;54.1813;2.67361e+07;3.15676e+07
46.6264;54.1095;2.67834e+07;3.16146e+07
46.6801;54.0184;2.7083e+07;3.19117e+07
46.6133;54.0682;2.74123e+07;3.22396e+07
46.5972;54.1176;2.74993e+07;3.23256e+07
46.5812;54.1664;2.74993e+07;3.23266e+07
46.5754;54.2347;2.80517e+07;3.28846e+07
46.6496;54.1824;2.81103e+07;3.29345e+07
46.6331;54.2105;2.81261e+07;3.29526e+07
46.6768;54.2684;2.83044e+07;3.31316e+07
46.61;54.3458;2.84237e+07;3.32506e+07
46.6039;54.3323;2.87284e+07;3.35615e+07
46.6279;54.409;2.875e+07;3.35765e+07
46.6716;54.3849;2.87708e+07;3.36075e+07
46.6549;54.411;2.91866e+07;3.40015e+07
46.7384;54.3069;2.95465e+07;3.43635e+07
46.821;54.2738;3.00113e+07;3.48315e+07
46.7528;54.1911;3.03068e+07;3.63158e+07
46.7652;54.1992;3.04829e+07;3.63166e+07
46.8576;54.2472;3.07642e+07;3.63176e+07
46.889;54.1747;3.0772e+07;3.63177e+07
46.9001;54.213;3.08919e+07;3.63185e+07
46.9711;54.2909;3.10284e+07;3.63198e+07
47.0614;54.2279;3.12312e+07;3.63207e+07
46.9808;54.3057;3.14812e+07;3.6322e+07
47.031;54.3026;3.14865e+07;3.63222e+07
46.9707;54.3296;3.15226e+07;3.63299e+07
47.021;54.3863;3.15815e+07;3.63824e+07
47.0308;54.3624;3.16049e+07;3.64074e+07
47.0704;54.3488;3.16079e+07;3.64104e+07
47.1597;54.3353;3.22866e+07;3.70834e+07
47.1281;54.312;3.24101e+07;3.72054e+07
47.0969;54.3288;3.24192e+07;3.72144e+07
47.1359;54.3755;3.24471e+07;3.72454e+07
47.0945;54.3118;3.25072e+07;3.73014e+07
47.0536;54.2887;3.25154e+07;3.73094e+07
46.9631;54.2258;3.25422e+07;3.73364e+07
46.8934;54.1235;3.25439e+07;3.73384e+07
46.8245;54.1923;3.25669e+07;3.73606e+07
46.7363;54.1504;3.26352e+07;3.74293e+07
46.7189;54.1989;3.26409e+07;3.74363e+07
46.6817;54.1269;3.27282e+07;3.75214e+07
46.6649;54.1656;3.29169e+07;3.77084e+07
46.6982;54.064;3.29182e+07;3.77103e+07
46.6513;54.0533;3.29302e+07;3.77313e+07
46.6847;54.0928;3.29772e+07;3.77763e+07
46.7779;54.0419;3.30678e+07;3.78613e+07
46.7501;54.1014;3.33157e+07;3.81073e+07
46.6826;54.1804;3.33456e+07;3.81353e+07
46.6658;54.2486;3.3371e+07;3.81594e+07
46.6491;54.1861;3.35336e+07;3.83223e+07
46.5626;54.1543;3.3673e+07;3.84683e+07
46.607;54.1927;3.36825e+07;3.84743e+07
46.5109;54.1208;3.41698e+07;3.89563e+07
46.4158;54.0496;3.42566e+07;3.90433e+07
46.3717;53.9791;3.43178e+07;3.91042e+07
46.358;53.9093;3.44154e+07;3.92022e+07
46.3344;53.8302;3.44727e+07;3.92543e+07
46.261;53.9019;3.45527e+07;3.93343e+07
46.1684;53.8929;3.45722e+07;3.93533e+07
46.1067;53.954;3.45727e+07;3.93562e+07
46.0157;53.8844;3.47149e+07;3.95032e+07
45.9255;53.9456;3.47535e+07;3.95353e+07
46.0063;53.9461;3.48058e+07;3.95853e+07
46.0562;54.0067;3.4929e+07;3.97092e+07
46.0656;53.9566;3.49881e+07;3.97802e+07
46.045;53.907;3.51464e+07;3.99272e+07
46.0145;53.868;3.5179e+07;3.99582e+07
45.9644;53.8493;3.52036e+07;3.99822e+07
46.0547;53.8708;3.53306e+07;4.28129e+07
45.9742;53.8821;3.56564e+07;4.28153e+07
46.0644;53.8033;3.58845e+07;4.28172e+07
46.0538;53.7052;3.59664e+07;4.28179e+07
46.0833;53.7382;3.59834e+07;4.28181e+07
46.0924;53.6708;3.60866e+07;4.28188e+07
46.1815;53.7141;3.60876e+07;4.28189e+07
46.1497;53.7969;3.61363e+07;4.28192e+07
46.1382;53.709;3.61872e+07;4.28196e+07
46.1468;53.7719;3.62139e+07;4.28199e+07
46.2454;53.8042;3.63786e+07;4.28211e+07
46.2629;53.7261;3.6588e+07;4.28229e+07
46.2003;53.8089;3.81734e+07;4.29351e+07
46.1883;53.7708;3.82093e+07;4.29671e+07
46.1164;53.8031;3.89549e+07;4.37081e+07
46.1552;53.885;3.91281e+07;4.3882e+07
46.1137;53.8962;3.92522e+07;4.4004e+07
46.0425;53.9272;3.95275e+07;4.4279e+07
46.0121;54.0079;3.96225e+07;4.4377e+07
46.102;54.0379;3.99682e+07;4.4716e+07
46.011;54.1075;4.05515e+07;4.5301e+07
46.0609;54.1864;4.05589e+07;4.5305e+07
46.0602;54.1146;4.07867e+07;4.5531e+07
46.1196;54.0234;4.16818e+07;4.64219e+07
46.1184;53.9432;4.17451e+07;4.64809e+07
46.1973;53.8737;4.18214e+07;4.65579e+07
46.2553;53.875;4.29839e+07;4.77148e+07
46.2927;53.8863;4.35055e+07;4.82339e+07
46.2198;53.9574;4.37326e+07;4.84748e+07
46.1476;53.9778;4.38104e+07;4.85488e+07
46.1561;54.058;4.40536e+07;4.87778e+07
46.0846;53.9775;4.40753e+07;4.87998e+07
46.0237;53.9677;4.44367e+07;4.91588e+07
46.0035;53.988;4.45935e+07;4.93218e+07
46.0535;54.0481;4.46128e+07;4.93328e+07
45.9929;54.1276;4.4864e+07;4.95888e+07
45.903;54.1164;4.53873e+07;5.00997e+07
45.894;54.0852;4.54388e+07;5.01517e+07
45.855;54.0144;4.56627e+07;5.03737e+07
45.8465;53.9842;4.56714e+07;5.03827e+07
45.778;53.9744;4.58925e+07;5.06127e+07
45.8502;53.9046;4.59214e+07;5.06387e+07
45.8217;53.8456;4.60147e+07;5.07247e+07
45.7535;53.9271;4.61468e+07;5.08557e+07
45.716;53.9678;4.62663e+07;5.09727e+07
45.7388;53.9782;4.63708e+07;5.10767e+07
45.8014;53.9984;4.63718e+07;5.10807e+07
45.8634;54.0184;4.63755e+07;5.10807e+07
45.9248;54.0382;4.63755e+07;5.10817e+07
45.8955;54.0478;4.6574e+07;5.12807e+07
45.9466;54.0974;4.69483e+07;5.16497e+07
45.9971;54.1664;4.69705e+07;5.16747e+07
46.0871;54.1447;4.72216e+07;5.19226e+07
46.0063;54.1733;4.73619e+07;5.20656e+07
46.0462;54.1615;4.73794e+07;5.20797e+07
46.1357;54.0699;4.74777e+07;5.21766e+07
46.1844;54.1092;4.78502e+07;5.25466e+07
46.1525;54.0081;4.7851e+07;5.25486e+07
46.121;54.0881;4.79537e+07;5.26486e+07
46.1698;54.1072;4.83279e+07;5.30216e+07
46.0981;54.1361;4.83786e+07;5.30716e+07
46.0671;54.0447;4.84557e+07;5.31556e+07
46.1665;54.0443;4.8503e+07;5.31986e+07
46.2448;54.0039;4.89834e+07;5.36766e+07
