2;107;1;5008091
63;38;1;5008115
83;39;1;5008223
91;36;1;5008241
120;35;1;5008259
35;45;1;5008277
66;63;1;5008295
116;50;1;5008327
109;13;1;5008345
80;12;1;5008363
105;22;1;5008445
83;18;1;5008464
96;27;1;5008482
106;91;1;5008500
53;88;1;5008519
125;87;1;5008552
70;68;1;5008570
89;96;1;5008601
122;51;1;5008620
101;46;1;5008638
27;71;1;5008656
121;62;1;5008674
121;64;1;5008692
80;82;1;5008710
107;58;1;5008728
75;8;1;5008745
53;83;1;5008776
121;31;1;5008860
111;11;1;5008879
90;55;1;5008896
108;88;1;5008915
77;34;1;5008933
103;57;1;5008979
45;70;1;5008998
117;51;1;5009017
117;6;1;5009035
29;7;1;5009053
29;7;1;5009071
40;9;1;5009090
120;12;1;5009108
24;41;1;5009126
38;22;1;5009144
21;41;1;5009162
10;22;1;5009180
20;32;1;5009198
33;23;1;5009217
17;4;1;5009235
18;7;1;5009253
44;8;1;5009270
26;12;1;5009288
107;97;1;5009307
107;97;1;5009325
15;4;1;5009343
31;45;1;5009361
115;64;1;5009437
29;23;1;5009456
13;51;1;5009474
90;0;1;5009492
1;4;1;5009510
7;105;1;5009528
64;59;1;5009546
86;31;1;5009579
115;53;1;5009597
22;77;1;5009615
2;88;1;5009634
92;19;1;5009651
104;4;1;5009670
83;23;1;5009688
43;36;1;5009706
59;30;1;5009724
120;79;1;5009755
52;73;1;5009774
89;68;1;5009875
103;74;1;5009894
79;48;1;5009913
21;41;1;5009931
106;51;1;5009994
83;44;1;5010014
106;3;1;5010032
38;22;1;5010051
45;2;1;5010069
64;88;1;5010088
109;30;1;5010121
69;85;1;5010140
120;12;1;5010171
47;49;1;5010189
30;93;1;5010208
107;97;1;5010226
16;73;1;5010245
66;107;1;5010263
65;86;1;5010295
67;61;1;5010326
98;96;1;5010357
60;63;1;5010427
93;13;1;5010460
126;41;1;5010479
109;10;1;5010498
105;22;1;5010517
90;68;1;5010535
62;107;1;5010554
103;103;1;5010585
32;117;1;5010604
42;105;1;5010622
55;105;1;5010641
98;103;1;5010673
8;95;1;5010691
18;105;1;5010710
26;111;1;5010729
61;23;1;5010747
112;83;1;5010778
46;107;1;5010847
7;119;1;5010866
66;106;1;5010884
7;127;1;5010917
27;95;1;5010968
105;100;1;5010987
27;79;1;5011006
105;41;1;5011025
54;33;1;5011044
6;104;1;5011076
86;87;1;5011095
8;104;1;5011114
124;19;1;5011133
112;106;1;5011152
87;124;1;5011170
81;16;1;5011189
107;5;1;5011208
100;70;1;5011227
95;97;1;5011245
105;13;1;5011295
113;79;1;5011315
91;80;1;5011333
100;104;1;5011352
60;76;1;5011420
101;101;1;5011453
96;0;1;5011472
125;108;1;5011491
73;60;1;5011510
66;126;1;5011542
116;97;1;5011573
126;56;1;5011592
54;85;1;5011611
101;43;1;5011642
106;5;1;5011661
112;50;1;5011680
124;118;1;5011699
120;0;1;5011718
107;21;1;5011737
21;116;1;5011756
94;44;1;5011775
13;106;1;5011794
97;36;1;5011813
92;5;1;5011831
58;74;1;5011850
126;52;1;5011881
109;38;1;5011900
89;78;1;5011919
32;93;1;5011968
81;53;1;5011988
124;22;1;5012007
89;22;1;5012026
14;96;1;5012044
3;13;1;5012063
94;22;1;5012081
121;110;1;5012101
46;69;1;5012120
119;84;1;5012139
80;19;1;5012157
127;51;1;5012176
63;95;1;5012195
108;3;1;5012228
56;59;1;5012246
76;48;1;5012278
121;45;1;5012309
53;87;1;5012328
124;96;1;5012359
51;100;1;5012378
121;2;1;5012410
48;90;1;5012429
79;87;1;5012459
4;112;1;5012478
17;99;1;5012497
30;87;1;5012516
114;108;1;5012535
4;105;1;5012553
112;107;1;5012572
106;23;1;5012591
60;103;1;5012610
59;92;1;5012642
52;100;1;5012673
86;80;1;5012705
38;105;1;5012723
60;100;1;5012742
102;103;1;5012773
107;69;1;5012792
101;123;1;5012811
99;31;1;5012830
118;31;1;5012849
44;105;1;5012868
17;103;1;5012886
52;103;1;5012905
100;28;1;5012937
95;3;1;5012955
112;111;1;5012974
115;124;1;5012992
13;105;1;5013011
37;109;1;5013030
102;0;1;5013049
70;91;1;5013067
72;70;1;5013099
122;13;1;5013131
127;81;1;5013149
32;118;1;5013168
112;111;1;5013187
112;12;1;5013205
24;101;1;5013224
89;14;1;5013243
105;40;1;5013261
113;89;1;5013280
86;107;1;5013299
12;122;1;5013327
89;77;1;5013347
109;39;1;5013366
92;8;1;5013385
113;43;1;5013403
71;64;1;5013422
118;119;1;5013464
98;1;1;5013483
31;101;1;5013501
127;41;1;5013520
40;126;1;5013539
50;4;1;5013558
12;1;1;5013590
121;11;1;5013609
50;4;1;5013628
69;88;1;5013659
28;48;1;5013691
43;17;1;5013710
43;17;1;5013729
47;35;1;5013747
46;48;1;5013766
46;48;1;5013785
104;83;1;5013804
95;83;1;5013822
41;14;1;5013841
70;81;1;5013859
45;3;1;5013891
27;0;1;5013910
36;97;1;5013929
77;5;1;5013947
27;104;1;5013979
55;30;1;5013997
114;90;1;5014029
125;16;1;5014048
126;0;1;5014067
58;0;1;5014085
14;0;1;5014117
113;37;1;5014136
54;107;1;5014155
20;41;1;5014186
95;78;1;5014205
12;61;1;5014223
69;22;1;5014242
97;64;1;5014273
122;68;1;5014292
21;68;1;5014311
15;127;1;5014329
11;57;1;5014347
3;93;1;5014366
88;7;1;5014384
74;86;1;5014403
1;1;1;5014435
16;84;1;5014453
16;84;1;5014472
68;3;1;5014490
88;78;1;5014521
33;25;1;5014540
58;0;1;5014558
91;17;1;5014590
86;24;1;5014608
27;31;1;5014627
55;73;1;5014645
16;45;1;5014677
55;29;1;5014695
94;1;1;5014727
91;59;1;5014746
95;29;1;5014764
23;67;1;5014783
119;17;1;5014801
54;20;1;5014820
81;47;1;5014851
124;31;1;5014870
105;117;1;5014888
3;68;1;5014907
74;67;1;5014925
61;68;1;5014957
86;42;1;5014988
14;53;1;5015008
24;22;1;5015026
58;2;1;5015044
53;2;1;5015075
83;79;1;5015107
127;124;1;5015125
30;101;1;5015144
9;116;1;5015162
77;123;1;5015181
24;0;1;5015212
24;0;1;5015231
119;12;1;5015250
77;64;1;5015268
19;125;1;5015299
123;100;1;5015318
87;55;1;5015337
122;106;1;5015355
25;108;1;5015374
105;16;1;5015392
67;124;1;5015411
95;66;1;5015442
121;23;1;5015461
77;68;1;5015479
77;86;1;5015510
37;95;1;5015542
108;82;1;5015560
59;42;1;5015579
6;116;1;5015610
90;14;1;5015629
109;60;1;5015647
108;127;1;5015666
48;127;1;5015684
108;65;1;5015702
107;29;1;5015721
55;53;1;5015739
53;99;1;5015770
96;99;1;5015802
75;60;1;5015820
64;71;1;5015852
108;4;1;5015883
77;55;1;5015901
83;118;1;5015933
116;14;1;5015951
108;29;1;5015970
67;94;1;5015988
102;85;1;5016020
115;36;1;5016039
39;87;1;5016057
114;46;1;5016075
105;51;1;5016094
118;114;1;5016113
45;96;1;5016131
52;111;1;5016149
98;80;1;5016180
68;19;1;5016199
117;104;1;5016230
55;93;1;5016249
74;70;1;5016280
30;55;1;5016311
122;9;1;5016330
9;61;1;5016348
31;89;1;5016366
111;61;1;5016385
59;123;1;5016403
122;62;1;5016435
102;70;1;5016453
78;21;1;5016471
98;110;1;5016503
107;88;1;5016521
56;28;1;5016539
99;22;1;5016571
122;11;1;5016589
45;3;1;5016607
58;121;1;5016626
85;64;1;5016656
87;65;1;5016674
109;37;1;5016693
71;71;1;5016711
112;66;1;5016742
41;8;1;5016761
80;39;1;5016779
112;15;1;5016797
93;106;1;5016816
40;9;1;5016834
125;29;1;5016852
116;40;1;5016870
17;63;1;5016889
107;24;1;5016907
120;45;1;5016925
75;63;1;5016944
127;102;1;5016975
114;20;1;5016993
49;55;1;5017012
102;107;1;5017043
92;108;1;5017062
107;74;1;5017080
114;12;1;5017098
115;29;1;5017117
63;45;1;5017135
89;79;1;5017167
89;10;1;5017185
93;94;1;5017204
94;79;1;5017222
123;39;1;5017240
20;75;1;5017258
78;62;1;5017277
92;126;1;5017308
116;109;1;5017326
37;73;1;5017345
109;112;1;5017363
101;34;1;5017381
102;84;1;5017399
82;68;1;5017418
116;41;1;5017436
22;98;1;5017454
49;108;1;5017472
41;66;1;5017503
31;110;1;5017522
111;50;1;5017540
53;63;1;5017558
110;77;1;5017590
73;19;1;5017608
109;19;1;5017639
22;26;1;5017657
97;30;1;5017675
117;52;1;5017693
119;49;1;5017711
45;109;1;5017729
29;102;1;5017748
98;94;1;5017765
93;59;1;5017784
67;57;1;5017802
113;120;1;5017833
98;82;1;5017851
93;21;1;5017869
43;41;1;5017887
62;11;1;5017906
126;6;1;5017937
105;108;1;5017955
123;102;1;5017973
33;23;1;5017991
31;78;1;5018009
79;92;1;5018027
81;103;1;5018045
13;95;1;5018063
33;36;1;5018081
107;12;1;5018100
112;3;1;5018118
103;83;1;5018137
77;85;1;5018155
126;67;1;5018186
24;41;1;5018205
33;63;1;5018223
92;9;1;5018241
127;9;1;5018259
44;87;1;5018277
76;85;1;5018295
122;4;1;5018327
91;92;1;5018345
106;44;1;5018363
29;83;1;5018381
104;6;1;5018399
82;122;1;5018417
110;33;1;5018435
31;33;1;5018453
74;76;1;5018471
87;106;1;5018502
48;86;1;5018520
45;82;1;5018654
81;85;1;5018674
95;95;1;5018692
123;23;1;5018711
121;80;1;5018729
23;80;1;5018747
14;108;1;5018765
97;108;1;5018783
107;56;1;5018802
108;63;1;5018820
80;112;1;5018838
33;125;1;5018856
126;35;1;5018874
63;118;1;5018892
15;87;1;5018925
68;39;1;5018943
75;85;1;5018974
16;84;1;5019006
41;8;1;5019024
105;8;1;5019042
101;20;1;5019060
51;107;1;5019078
59;87;1;5019109
86;7;1;5019141
109;8;1;5019159
99;57;1;5019177
43;87;1;5019195
99;52;1;5019213
88;48;1;5019231
67;78;1;5019249
36;73;1;5019280
115;78;1;5019298
101;75;1;5019316
77;45;1;5019334
115;51;1;5019366
98;51;1;5019434
107;100;1;5019452
114;67;1;5019471
90;84;1;5019488
84;90;1;5019507
68;14;1;5019525
115;9;1;5019558
109;81;1;5019576
78;79;1;5019594
43;119;1;5019626
39;107;1;5019644
79;27;1;5019662
100;19;1;5019761
58;79;1;5019779
35;83;1;5019811
108;101;1;5019829
84;61;1;5019847
85;61;1;5019865
16;90;1;5019884
99;27;1;5019901
109;94;1;5019920
101;114;1;5019938
126;9;1;5019956
27;58;1;5019974
76;89;1;5019992
100;1;1;5020024
110;16;1;5020041
72;90;1;5020059
86;93;1;5020090
82;13;1;5020108
54;69;1;5020126
117;17;1;5020157
91;9;1;5020175
97;100;1;5020193
40;69;1;5020211
126;58;1;5020229
120;25;1;5020246
28;82;1;5020264
121;44;1;5020282
74;123;1;5020300
14;53;1;5020331
55;115;1;5020349
85;77;1;5020380
64;68;1;5020398
12;118;1;5020429
90;88;1;5020447
57;73;1;5020464
42;82;1;5020495
88;16;1;5020513
100;13;1;5020531
50;30;1;5020549
103;6;1;5020580
43;124;1;5020598
104;74;1;5020616
20;118;1;5020634
93;29;1;5020651
92;11;1;5020669
89;7;1;5020687
118;23;1;5020705
123;29;1;5020723
82;111;1;5020741
72;57;1;5020759
26;76;1;5020790
41;75;1;5020808
73;58;1;5020825
82;69;1;5020856
120;47;1;5020874
98;55;1;5020892
77;96;1;5020910
25;77;1;5020941
65;105;1;5020959
113;31;1;5020989
125;36;1;5021008
114;19;1;5021026
72;43;1;5021044
1;112;1;5021075
28;85;1;5021092
83;29;1;5021110
60;21;1;5021129
74;14;1;5021159
117;18;1;5021190
104;81;1;5021208
125;84;1;5021226
23;79;1;5021244
99;7;1;5021274
112;37;1;5021292
35;94;1;5021310
127;116;1;5021328
92;10;1;5021346
104;35;1;5021364
115;5;1;5021381
109;51;1;5021399
111;110;1;5021417
78;122;1;5021435
20;102;1;5021467
104;31;1;5021485
80;15;1;5021503
112;68;1;5021521
81;46;1;5021539
112;68;1;5021557
12;54;1;5021575
103;51;1;5021592
77;82;1;5021610
64;0;1;5021641
127;1;1;5021672
44;96;1;5021690
95;93;1;5021708
42;85;1;5021726
109;2;1;5021743
26;89;1;5021761
124;44;1;5021779
41;57;1;5021797
88;18;1;5021815
110;116;1;5021833
37;54;1;5021851
6;115;1;5021869
124;116;1;5021887
87;112;1;5021905
5;33;1;5021923
119;45;1;5021941
36;86;1;5021958
79;60;1;5021976
45;101;1;5022007
79;19;1;5022025
2;99;1;5022056
94;64;1;5022073
116;116;1;5022091
66;49;1;5022109
56;67;1;5022139
122;100;1;5022170
45;60;1;5022188
109;23;1;5022206
12;61;1;5022223
102;52;1;5022241
117;61;1;5022259
67;102;1;5022277
127;87;1;5022308
119;16;1;5022325
54;106;1;5022343
115;15;1;5022374
88;17;1;5022391
90;103;1;5022409
82;125;1;5022427
68;81;1;5022445
127;4;1;5022476
4;85;1;5022493
119;33;1;5022511
66;96;1;5022529
122;26;1;5022559
82;104;1;5022577
113;95;1;5022594
83;124;1;5022612
93;23;1;5022630
69;63;1;5022647
22;108;1;5022678
126;87;1;5022695
94;87;1;5022713
112;63;1;5022731
23;101;1;5022749
14;107;1;5022766
112;121;1;5022784
29;53;1;5022802
56;57;1;5022819
91;91;1;5022850
124;48;1;5022867
81;63;1;5022885
84;52;1;5022903
70;6;1;5022921
108;30;1;5022951
82;90;1;5022969
89;84;1;5022986
42;95;1;5023004
68;76;1;5023022
21;71;1;5023053
100;42;1;5023070
73;21;1;5023088
121;59;1;5023119
36;54;1;5023136
106;6;1;5023154
90;30;1;5023172
14;33;1;5023189
86;82;1;5023207
38;86;1;5023225
127;49;1;5023242
88;82;1;5023260
116;62;1;5023277
75;98;1;5023295
58;75;1;5023325
61;84;1;5023356
23;84;1;5023386
119;74;1;5023404
107;67;1;5023422
33;94;1;5023439
112;77;1;5023457
45;111;1;5023475
116;114;1;5023493
59;87;1;5023510
68;82;1;5023541
83;33;1;5023571
62;49;1;5023588
60;70;1;5023619
83;99;1;5023649
95;35;1;5023667
79;126;1;5023685
23;108;1;5023716
36;45;1;5023734
118;9;1;5023751
114;9;1;5023769
59;61;1;5023786
45;127;1;5023817
86;25;1;5023835
71;71;1;5023853
20;71;1;5023883
105;106;1;5023901
118;39;1;5023919
100;76;1;5023937
117;69;1;5023954
103;10;1;5023972
71;51;1;5023990
102;71;1;5024020
82;84;1;5024038
86;97;1;5024055
108;60;1;5024073
25;113;1;5024091
110;85;1;5024108
90;95;1;5024126
100;69;1;5024144
105;61;1;5024162
33;43;1;5024179
86;88;1;5024197
123;28;1;5024215
112;117;1;5024232
18;109;1;5024250
29;59;1;5024267
104;87;1;5024285
52;126;1;5024302
105;67;1;5024333
124;66;1;5024351
36;90;1;5024369
101;10;1;5024386
62;77;1;5024404
17;91;1;5024435
117;29;1;5024452
83;65;1;5024470
52;114;1;5024487
106;114;1;5024518
99;17;1;5024536
59;59;1;5024553
27;126;1;5024584
39;80;1;5024602
67;106;1;5024620
64;63;1;5024650
38;67;1;5024680
26;82;1;5024698
119;11;1;5024715
62;117;1;5024733
40;62;1;5024764
50;93;1;5024781
85;89;1;5024812
0;108;1;5024830
27;108;1;5024847
99;74;1;5024865
58;57;1;5024882
37;105;1;5024913
94;101;1;5024930
109;52;1;5024948
74;10;1;5024965
54;20;1;5024996
87;20;1;5025026
110;53;1;5025044
30;103;1;5025062
57;71;1;5025080
113;50;1;5025110
126;52;1;5025128
36;34;1;5025145
65;110;1;5025163
28;48;1;5025193
51;70;1;5025211
48;109;1;5025241
104;102;1;5025258
1;104;1;5025276
96;19;1;5025293
27;82;1;5025311
126;8;1;5025328
58;28;1;5025346
20;113;1;5025376
92;15;1;5025393
126;69;1;5025411
124;108;1;5025428
41;113;1;5025446
51;44;1;5025463
126;105;1;5025493
84;80;1;5025511
79;77;1;5025528
116;113;1;5025558
55;78;1;5025576
127;55;1;5025962
50;43;1;5025980
91;99;1;5026954
95;62;1;5032955
51;78;1;5050952
112;55;1;5051954
110;54;1;5079949
83;103;1;5099946
99;99;1;5103951
121;107;1;5109946
99;16;1;5118951
80;102;1;5124947
101;44;1;5144948
116;88;1;5151942
76;36;1;5161945
84;99;1;5175946
57;108;1;5177948
96;23;1;5178944
123;14;1;5179947
21;70;1;5180943
121;93;1;5195943
116;81;1;5225946
117;25;1;5229946
23;93;1;5232936
44;86;1;5273944
116;12;1;5273962
62;12;1;5282935
52;38;1;5304943
69;78;1;5308932
77;70;1;5328940
20;120;1;5348937
63;27;1;5352937
87;23;1;5358938
119;66;1;5371932
120;19;1;5376934
29;119;1;5379933
68;119;1;5398934
36;62;1;5402931
93;84;1;5426932
105;69;1;5426950
114;102;1;5443930
43;88;1;5452935
116;61;1;5474930
87;61;1;5477927
105;120;1;5500928
20;100;1;5501926
125;6;1;5507964
106;84;1;5522939
44;68;1;5533936
114;75;1;5548938
12;105;1;5587923
42;88;1;5604927
46;117;1;5607921
28;90;1;5607939
104;90;1;5614922
50;95;1;5626924
114;86;1;5645920
117;48;1;5673922
14;123;1;5673940
116;18;1;5678916
103;82;1;5679921
107;28;1;5694925
62;91;1;5702912
99;55;1;5733920
74;78;1;5790920
27;88;1;5801907
24;108;1;5802912
83;19;1;5802930
119;102;1;5836912
109;51;1;5854906
27;55;1;5870905
103;15;1;5876907
124;91;1;5879907
124;87;1;5893908
79;53;1;5908909
108;89;1;5914908
121;1;1;5921907
68;5;1;5926902
113;81;1;5950903
32;124;1;5954907
61;45;1;5956908
63;20;1;5981901
120;15;1;5996897
101;7;1;6000902
30;76;1;6010897
65;26;1;6022901
50;107;1;6033904
112;68;1;6048899
59;87;1;6053899
109;9;1;6073897
71;110;1;6101897
82;57;1;6104897
116;31;1;6104915
60;83;1;6118898
97;65;1;6128891
5;3;1;6134894
93;8;1;6150900
96;97;1;6150919
98;84;1;6152893
110;49;1;6153891
85;83;1;6153909
16;123;1;6156896
111;46;1;6178906
83;95;1;6179901
94;7;1;6179920
125;7;1;6198899
116;93;1;6202903
44;8;1;6203904
127;34;1;6211906
110;25;1;6226903
91;76;1;6237889
113;24;1;6244910
55;119;1;6247885
38;116;1;6250916
111;20;1;6261886
75;110;1;6271886
120;47;1;6281891
91;28;1;6294892
118;57;1;6303887
74;99;1;6303905
100;31;1;6304881
78;122;1;6325884
5;121;1;6325918
23;58;1;6352881
52;78;1;6353877
110;102;1;6366884
5;57;1;6383882
28;102;1;6388880
34;2;1;6423878
30;88;1;6427879
84;44;1;6429879
28;76;1;6432876
117;87;1;6441880
91;109;1;6448878
119;53;1;6449875
96;96;1;6449892
83;124;1;6466883
1;4;1;6471878
95;99;1;6475876
82;77;1;6477875
1;99;1;6501875
56;66;1;6501893
106;19;1;6502871
56;53;1;6522875
71;71;1;6524875
60;36;1;6527875
69;39;1;6527907
59;27;1;6538871
76;61;1;6551872
101;71;1;6553875
68;44;1;6604871
106;56;1;6616872
87;67;1;6617867
77;107;1;6617885
90;94;1;6624874
124;52;1;6626864
120;6;1;6637867
43;118;1;6638868
91;30;1;6639870
127;28;1;6642867
26;66;1;6699865
91;39;1;6700868
110;104;1;6703868
88;23;1;6704863
34;27;1;6717867
104;39;1;6724862
71;67;1;6741863
44;81;1;6770861
118;45;1;6770922
79;8;1;6777860
94;68;1;6787861
124;63;1;6801860
105;118;1;6802863
94;26;1;6803863
5;7;1;6807864
9;109;1;6809862
116;25;1;6809880
92;25;1;6817864
107;20;1;6829865
46;103;1;6872870
56;117;1;6899853
10;108;1;6906853
127;21;1;6907850
76;2;1;6910852
108;111;1;6911849
78;85;1;6922850
92;118;1;6922884
44;96;1;6928855
19;116;1;6952856
125;90;1;6952874
12;127;1;6976852
49;79;1;6978849
83;5;1;6987848
124;50;1;6999849
124;4;1;7022847
45;85;1;7032859
67;21;1;7033843
79;31;1;7034844
25;100;1;7047854
92;75;1;7070845
55;62;1;7072843
98;7;1;7077847
27;0;1;7084843
74;56;1;7098848
70;119;1;7099844
84;43;1;7100846
120;69;1;7100864
103;102;1;7102841
83;101;1;7103844
53;91;1;7127840
75;19;1;7128839
9;105;1;7133844
11;113;1;7141839
18;93;1;7147839
25;117;1;7149843
86;39;1;7149861
86;51;1;7157839
52;7;1;7157858
111;17;1;7162843
88;61;1;7174838
97;23;1;7177842
12;117;1;7187839
67;3;1;7192843
110;11;1;7205838
107;79;1;7205856
50;79;1;7253835
111;43;1;7263837
108;46;1;7269832
39;62;1;7281833
119;82;1;7292835
1;113;1;7297832
38;19;1;7298835
46;70;1;7299832
34;41;1;7300833
9;123;1;7302830
39;44;1;7314830
98;66;1;7348834
81;11;1;7350828
103;98;1;7374832
88;68;1;7374850
80;98;1;7374868
91;67;1;7376824
126;12;1;7380830
65;123;1;7388832
19;98;1;7396831
25;120;1;7400826
80;38;1;7403824
29;7;1;7426824
25;56;1;7448830
61;93;1;7449824
84;105;1;7465829
124;40;1;7469828
97;54;1;7474832
50;70;1;7474851
17;108;1;7495835
76;117;1;7505832
86;86;1;7506843
21;71;1;7510837
111;105;1;7510856
7;93;1;7523840
125;32;1;7524839
118;40;1;7530843
125;9;1;7547842
120;1;1;7547860
27;83;1;7551818
5;87;1;7552821
123;98;1;7557819
50;87;1;7575821
34;72;1;7577814
46;75;1;7584815
70;19;1;7601821
32;59;1;7601929
68;59;1;7601947
85;66;1;7607820
75;67;1;7615814
37;121;1;7642810
32;90;1;7691812
42;112;1;7702810
99;34;1;7705815
122;80;1;7706812
101;69;1;7718806
73;119;1;7721814
65;59;1;7728808
92;96;1;7738812
108;80;1;7741812
117;9;1;7747815
96;5;1;7748808
117;5;1;7751811
48;41;1;7761807
65;96;1;7768834
42;104;1;7773828
98;81;1;7775824
42;111;1;7775842
64;34;1;7788821
90;78;1;7797823
19;105;1;7800828
43;29;1;7809826
30;62;1;7822816
92;17;1;7823821
52;44;1;7823839
48;98;1;7823873
67;67;1;7853820
33;25;1;7865819
113;52;1;7876822
82;19;1;7877816
102;81;1;7901817
69;54;1;7917819
109;87;1;7926814
114;98;1;7926832
120;111;1;7958814
69;14;1;7977809
111;1;1;7978808
41;93;1;7999811
64;79;1;8006810
95;35;1;8012812
120;18;1;8018808
38;86;1;8026806
48;58;1;8038816
31;58;1;8038834
105;63;1;8042808
80;65;1;8055812
9;90;1;8072810
26;125;1;8073806
52;99;1;8089806
53;69;1;8090803
122;32;1;8092805
126;79;1;8105805
33;65;1;8122815
17;109;1;8122833
8;115;1;8122851
123;42;1;8125810
112;32;1;8143817
45;37;1;8151812
124;28;1;8152814
16;62;1;8177820
59;87;1;8191798
64;0;1;8193802
63;104;1;8198804
94;107;1;8200819
60;61;1;8201796
114;93;1;8202797
68;108;1;8202816
72;43;1;8207802
126;17;1;8218799
61;68;1;8231805
60;110;1;8234795
20;63;1;8235798
29;98;1;8235816
110;39;1;8242804
24;98;1;8255795
62;95;1;8271798
50;67;1;8272797
63;93;1;8273797
101;55;1;8280797
9;23;1;8287797
43;94;1;8292797
19;41;1;8314798
97;111;1;8315791
100;119;1;8316791
119;103;1;8318792
79;24;1;8322792
116;34;1;8327796
36;104;1;8336800
100;72;1;8341792
58;75;1;8375795
108;50;1;8385795
123;46;1;8388787
125;101;1;8393796
116;10;1;8396791
89;17;1;8397791
82;51;1;8400787
101;83;1;8407790
100;79;1;8419788
121;119;1;8432785
34;46;1;8447787
102;40;1;8458784
127;85;1;8472791
109;41;1;8481782
18;97;1;8499785
98;13;1;8500785
18;13;1;8500803
56;73;1;8519782
110;65;1;8547782
102;1;1;8549783
89;5;1;8549801
119;36;1;8552787
31;45;1;8552805
82;91;1;8557786
20;102;1;8562783
62;55;1;8571783
24;40;1;8576780
90;81;1;8594780
116;96;1;8597774
86;114;1;8598778
100;113;1;8599778
63;69;1;8611776
114;11;1;8621781
91;9;1;8624781
53;31;1;8628779
18;7;1;8633777
116;69;1;8637780
87;52;1;8644780
67;88;1;8647776
67;106;1;8647811
120;17;1;8648776
81;99;1;8676778
92;65;1;8677775
53;30;1;8677794
91;110;1;8677828
48;63;1;8685781
2;88;1;8686776
96;17;1;8694773
77;72;1;8697770
90;83;1;8718777
111;45;1;8719774
102;91;1;8721773
22;122;1;8722768
125;25;1;8725770
114;16;1;8726769
73;108;1;8746778
93;48;1;8763778
124;77;1;8770778
123;31;1;8771777
48;50;1;8772773
125;50;1;8772792
50;71;1;8790779
91;46;1;8826786
79;83;1;8827781
99;82;1;8827815
119;100;1;8846792
92;116;1;8847786
10;61;1;8848770
65;77;1;8851762
18;123;1;8866771
83;64;1;8871766
104;67;1;8899763
15;111;1;8900760
70;27;1;8902764
29;10;1;8918766
59;29;1;8919760
85;41;1;8930763
1;119;1;8933758
70;40;1;8945763
101;100;1;8956765
9;82;1;8961756
32;33;1;8964763
58;77;1;8970761
115;94;1;8971758
105;50;1;8989767
74;115;1;9000757
80;77;1;9002763
78;39;1;9019753
38;123;1;9025760
78;67;1;9031760
103;19;1;9056756
15;100;1;9068755
36;48;1;9070754
77;51;1;9071755
117;101;1;9075754
14;125;1;9077760
116;30;1;9080756
62;113;1;9095754
126;57;1;9114755
89;85;1;9116750
126;28;1;9125758
18;67;1;9127750
123;3;1;9151753
109;51;1;9166754
94;101;1;9173746
5;32;1;9173765
59;32;1;9174745
114;44;1;9184750
113;47;1;9187747
108;102;1;9196746
45;117;1;9198752
52;109;1;9198770
95;47;1;9202752
97;117;1;9219748
70;123;1;9225748
77;101;1;9247745
112;70;1;9252744
29;99;1;9252762
78;110;1;9269746
46;97;1;9298742
100;95;1;9310743
80;33;1;9322743
76;82;1;9323740
112;43;1;9327744
81;55;1;9327762
127;97;1;9347740
109;3;1;9352739
54;68;1;9362737
86;64;1;9377739
79;10;1;9399740
126;74;1;9400739
75;115;1;9401739
102;71;1;9406742
91;87;1;9417743
113;44;1;9426746
91;7;1;9431739
38;95;1;9446749
61;81;1;9448741
78;122;1;9462753
2;126;1;9473749
108;94;1;9477750
96;3;1;9481752
44;95;1;9488739
112;23;1;9494749
14;33;1;9495729
82;2;1;9496751
86;97;1;9501732
101;102;1;9513733
96;25;1;9519736
123;58;1;9521727
74;32;1;9554736
23;44;1;9572730
70;21;1;9572749
105;115;1;9576732
47;66;1;9577726
94;31;1;9586731
97;95;1;9588727
70;103;1;9600727
98;41;1;9610730
93;47;1;9612721
45;80;1;9623728
59;49;1;9623746
48;79;1;9633728
51;15;1;9638727
98;17;1;9650731
97;44;1;9663724
103;2;1;9676721
2;56;1;9676740
123;41;1;9679720
83;43;1;9692728
77;97;1;9697721
15;124;1;9706727
27;102;1;9718724
69;70;1;9734723
59;93;1;9738724
35;109;1;9741716
125;35;1;9745719
109;85;1;9745738
59;85;1;9761718
76;86;1;9762717
19;79;1;9776716
26;60;1;9787716
89;3;1;9798719
114;111;1;9799717
119;41;1;9805720
67;7;1;9808716
9;18;1;9822715
71;71;1;9823719
77;9;1;9826716
90;44;1;9827711
105;3;1;9836714
92;31;1;9836733
111;78;1;9846719
10;123;1;9847716
83;124;1;9854717
14;115;1;9859717
59;59;1;9872713
121;3;1;9891709
109;1;1;9891728
86;25;1;9897718
2;5;1;9900710
105;47;1;9902706
4;58;1;9921708
46;40;1;9922710
115;79;1;9924714
103;64;1;9974710
123;110;1;9974729
50;72;1;9979711
97;45;1;9982709
86;49;1;9986706
39;75;1;9996706
124;6;1;9997705
89;87;1;10020713
27;82;1;10021693
59;87;1;10023708
94;15;1;10023747
87;74;1;10023766
102;49;1;10029702
113;49;1;10048705
70;36;1;10067713
71;5;1;10085710
62;57;1;10097709
56;121;1;10106714
100;45;1;10108715
67;47;1;10112710
37;79;1;10113713
106;105;1;10119714
15;97;1;10119733
49;125;1;10124712
6;32;1;10128718
101;77;1;10150721
27;46;1;10157718
109;115;1;10174703
96;104;1;10184696
65;37;1;10187693
32;47;1;10196704
75;43;1;10206696
120;5;1;10213697
17;83;1;10221695
103;63;1;10222696
54;115;1;10222714
72;82;1;10222749
75;29;1;10224695
105;77;1;10233696
117;41;1;10234690
111;80;1;10242700
63;123;1;10242719
87;9;1;10263697
110;3;1;10275697
17;121;1;10296693
118;24;1;10300688
63;76;1;10316697
66;47;1;10323691
64;36;1;10324688
11;57;1;10326689
111;37;1;10347691
127;106;1;10347710
5;106;1;10349694
86;89;1;10365685
44;96;1;10366692
20;97;1;10399685
9;54;1;10419687
62;39;1;10420684
105;1;1;10425684
72;113;1;10434681
95;41;1;10438684
120;47;1;10445688
48;69;1;10446682
63;67;1;10446700
110;15;1;10451686
74;23;1;10453686
110;72;1;10453722
33;21;1;10457682
65;5;1;10468684
82;63;1;10471679
7;113;1;10473681
12;111;1;10473699
6;126;1;10473717
17;105;1;10474683
115;24;1;10481678
46;81;1;10485678
114;53;1;10488680
66;21;1;10489681
81;41;1;10503682
122;67;1;10509689
73;37;1;10522678
45;88;1;10531681
126;34;1;10544675
95;30;1;10545675
44;69;1;10546678
13;127;1;10546697
61;49;1;10546715
109;49;1;10546750
77;69;1;10548681
102;97;1;10576677
112;93;1;10581675
40;62;1;10589674
56;70;1;10595678
119;21;1;10598675
7;63;1;10600672
36;4;1;10603674
66;55;1;10623673
19;48;1;10626681
107;59;1;10634674
62;32;1;10660671
0;81;1;10664675
124;33;1;10695673
26;80;1;10697668
105;98;1;10712677
65;71;1;10722679
120;2;1;10723673
102;126;1;10724671
93;74;1;10724689
107;108;1;10725678
41;52;1;10773687
97;90;1;10792662
87;39;1;10798683
70;101;1;10806663
123;117;1;10814664
100;65;1;10825663
97;98;1;10825681
106;2;1;10838662
126;71;1;10838681
93;86;1;10844664
97;51;1;10846660
110;88;1;10942659
52;88;1;10958664
45;90;1;10959654
3;97;1;10982654
12;1;1;10989662
20;94;1;10996658
101;11;1;11004717
72;67;1;11024655
100;43;1;11028650
110;79;1;11038652
113;57;1;11044653
1;1;1;11053649
45;9;1;11080653
73;42;1;11083653
38;93;1;11096656
124;49;1;11096675
29;59;1;11103646
29;45;1;11109641
51;59;1;11124653
83;99;1;11125646
104;1;1;11126645
73;103;1;11137654
58;56;1;11148648
112;83;1;11148728
102;5;1;11149647
97;13;1;11172645
49;35;1;11208642
87;29;1;11216647
116;71;1;11219644
59;116;1;11243633
43;88;1;11246642
5;57;1;11248641
96;7;1;11248730
82;35;1;11259637
110;56;1;11264641
85;126;1;11273642
81;81;1;11276639
48;89;1;11278640
124;86;1;11290636
78;86;1;11297644
21;75;1;11298638
115;113;1;11319639
26;67;1;11328645
103;126;1;11336639
70;99;1;11339633
72;109;1;11370637
104;42;1;11372639
18;106;1;11372658
124;106;1;11374641
106;39;1;11387645
62;49;1;11389638
62;86;1;11394641
21;71;1;11403640
38;43;1;11419647
75;112;1;11424651
44;13;1;11428646
115;116;1;11430644
103;86;1;11446633
82;100;1;11450655
61;47;1;11450673
105;59;1;11454651
24;120;1;11470636
42;85;1;11499633
117;40;1;11505630
6;17;1;11513626
104;47;1;11525624
127;100;1;11534632
20;36;1;11547629
117;43;1;11547648
36;42;1;11549622
92;58;1;11550623
58;72;1;11553624
126;52;1;11561626
13;101;1;11561645
115;95;1;11571623
122;28;1;11573626
104;32;1;11592621
123;106;1;11598622
78;97;1;11616618
125;91;1;11624623
123;123;1;11630621
78;70;1;11631619
127;27;1;11646624
82;103;1;11650622
112;86;1;11675621
110;27;1;11680620
47;38;1;11690619
15;4;1;11694618
116;37;1;11697612
46;23;1;11714616
26;74;1;11715619
87;38;1;11720624
38;67;1;11733620
88;83;1;11747615
106;13;1;11757616
106;63;1;11770619
107;106;1;11774621
75;51;1;11782612
36;75;1;11797614
91;79;1;11805617
24;47;1;11819609
88;49;1;11820609
76;91;1;11834613
106;69;1;11837612
19;56;1;11847610
103;92;1;11872617
70;87;1;11922609
92;114;1;11922647
28;86;1;11928608
75;7;1;11930605
68;35;1;11938600
123;18;1;11945608
54;78;1;11947600
120;98;1;11950608
73;95;1;11969602
80;26;1;11978604
89;75;1;11986605
115;55;1;11988604
23;84;1;12000605
123;127;1;12019606
120;51;1;12020600
84;97;1;12039604
6;114;1;12045611
59;111;1;12055607
16;24;1;12066609
5;3;1;12070609
125;20;1;12079609
114;100;1;12084614
48;86;1;12093614
57;38;1;12109618
109;67;1;12116617
31;83;1;12128594
97;25;1;12130590
98;31;1;12133598
55;72;1;12144595
104;65;1;12144630
110;81;1;12149592
54;88;1;12150594
116;15;1;12162595
107;34;1;12170594
37;105;1;12174596
76;72;1;12178590
84;95;1;12186596
110;105;1;12215592
32;36;1;12217592
66;36;1;12218586
99;111;1;12222594
66;72;1;12238586
105;72;1;12243592
127;123;1;12250592
123;0;1;12270585
48;55;1;12273583
57;71;1;12285588
38;116;1;12294592
93;75;1;12299590
87;97;1;12304591
108;39;1;12308590
39;80;1;12323584
59;61;1;12324582
63;75;1;12334585
83;72;1;12337580
43;69;1;12337598
81;88;1;12338582
58;75;1;12341581
59;124;1;12347588
90;103;1;12350583
87;36;1;12352585
36;89;1;12372579
119;106;1;12386584
123;112;1;12393588
103;35;1;12395578
122;36;1;12395597
13;111;1;12395615
80;1;1;12400585
55;120;1;12402579
112;1;1;12404579
59;87;1;12410582
29;82;1;12418579
15;29;1;12434581
66;5;1;12434600
101;5;1;12439578
60;60;1;12445582
99;81;1;12445617
22;125;1;12450583
18;95;1;12474579
107;57;1;12477580
115;7;1;12482582
29;103;1;12484572
114;39;1;12490584
125;55;1;12496571
